Campaign_ID,Budget,Clicks,CTR,CPC,Conversions,CPA,Conversion_Rate,Duration,Platform,Content_Type,Target_Age,Target_Gender,Region,Revenue,Spend,ROAS,Date,Impressions
C3578,6390,401,0.0461,15.94,174,36.72,0.4339,20,Instagram,Carousel,35-44,Male,Europe,27840,6453.9,4.31,2025-01-19,8698
C6702,9870,1286,0.286,7.67,821,12.02,0.6384,28,LinkedIn,Text,55+,Male,Africa,128076,10067.4,12.72,2025-01-22,4496
C9725,7700,1684,0.2122,4.57,1060,7.26,0.6295,15,Instagram,Video,35-44,Other,North America,193980,7623.0,25.45,2024-07-23,7935
C9472,8420,444,0.0961,18.96,308,27.34,0.6937,25,Google,Text,25-34,Male,North America,24024,8504.2,2.82,2024-04-20,4620
C7601,8470,1912,0.3652,4.43,1428,5.93,0.7469,9,Google,Text,25-34,Other,Europe,277032,8046.5,34.43,2024-08-07,5235
C2793,5450,663,0.0932,8.22,605,9.01,0.9125,20,YouTube,Text,45-54,Other,South America,21780,5177.5,4.21,2024-05-04,7113
C8817,4420,1044,0.2902,4.23,452,9.78,0.433,13,Instagram,Text,25-34,Male,Europe,51528,4508.4,11.43,2024-08-09,3597
C1097,7720,1001,0.1036,7.71,916,8.43,0.9151,19,YouTube,Video,18-24,Other,North America,71448,7334.0,9.74,2024-05-19,9662
C9333,2070,379,0.0536,5.46,192,10.78,0.5066,29,LinkedIn,Video,25-34,Male,Africa,15744,2111.4,7.46,2024-06-16,7070
C1232,2710,83,0.0096,32.65,54,50.19,0.6506,23,YouTube,Image,35-44,Other,Africa,7236,2628.7,2.75,2024-11-04,8645
C2507,3500,1248,0.2322,2.8,556,6.29,0.4455,10,Facebook,Carousel,55+,Male,South America,97856,3500.0,27.96,2024-09-16,5374
C7297,2250,208,0.0254,10.82,13,173.08,0.0625,19,Google,Carousel,25-34,Female,South America,598,2137.5,0.28,2024-03-10,8188
C4133,7460,1326,0.1529,5.63,154,48.44,0.1161,25,YouTube,Carousel,55+,Female,Europe,22792,7609.2,3.0,2024-07-06,8672
C5129,9490,1391,0.1627,6.82,1288,7.37,0.926,9,Facebook,Text,55+,Male,South America,136528,9774.7,13.97,2024-11-16,8549
C2514,2810,1491,0.1635,1.88,1068,2.63,0.7163,30,Facebook,Video,55+,Male,North America,206124,2950.5,69.86,2024-06-10,9119
C8001,3300,1765,0.2958,1.87,454,7.27,0.2572,28,YouTube,Video,18-24,Other,Asia,86260,3168.0,27.23,2024-07-19,5966
C1589,9370,1696,0.2854,5.52,790,11.86,0.4658,21,Facebook,Text,55+,Male,Asia,120080,9088.9,13.21,2024-07-25,5942
C6840,3290,376,0.1717,8.75,115,28.61,0.3059,9,Google,Video,55+,Male,South America,17020,3388.7,5.02,2024-09-16,2189
C9831,9800,544,0.0781,18.01,62,158.06,0.114,23,Instagram,Carousel,45-54,Female,North America,8618,9800.0,0.88,2024-03-22,6965
C2679,8760,419,0.0892,20.91,251,34.9,0.599,11,Instagram,Video,18-24,Other,Asia,42419,8409.6,5.04,2024-04-19,4697
C9010,4120,1076,0.1946,3.83,1027,4.01,0.9545,11,Instagram,Video,45-54,Male,South America,186914,3914.0,47.76,2024-06-04,5529
C5916,6950,1862,0.2108,3.73,1460,4.76,0.7841,18,Google,Image,35-44,Female,Africa,58400,6880.5,8.49,2024-02-26,8833
C8963,4550,345,0.0728,13.19,139,32.73,0.4029,13,YouTube,Text,45-54,Other,Africa,19460,4641.0,4.19,2024-03-07,4739
C3000,9940,1941,0.5882,5.12,832,11.95,0.4286,16,Facebook,Carousel,25-34,Other,North America,134784,10039.4,13.43,2024-09-29,3299
C5698,7880,438,0.0584,17.99,49,160.82,0.1119,28,Google,Text,18-24,Male,North America,4851,7643.6,0.63,2024-09-16,7500
C6694,4360,502,0.0735,8.69,453,9.62,0.9024,20,Instagram,Image,25-34,Female,South America,26274,4447.2,5.91,2025-02-06,6829
C3220,8820,1037,0.1358,8.51,21,420.0,0.0203,26,Facebook,Image,45-54,Female,South America,777,8908.2,0.09,2024-10-26,7636
C7995,4400,311,0.2031,14.15,260,16.92,0.836,11,YouTube,Image,18-24,Male,South America,28340,4620.0,6.13,2024-04-13,1531
C7506,5880,1125,0.1174,5.23,977,6.02,0.8684,25,Google,Video,18-24,Female,South America,130918,6056.4,21.62,2024-02-12,9582
C5308,7050,723,0.2075,9.75,468,15.06,0.6473,8,Facebook,Video,18-24,Other,Africa,89388,7332.0,12.19,2024-10-12,3484
C2608,2750,1455,0.2338,1.89,1395,1.97,0.9588,12,LinkedIn,Image,55+,Male,South America,223200,2777.5,80.36,2024-03-21,6223
C2475,6970,1832,0.3724,3.8,1141,6.11,0.6228,12,LinkedIn,Video,55+,Male,North America,128933,7318.5,17.62,2024-07-01,4919
C3998,5140,1956,0.3191,2.63,413,12.45,0.2111,12,LinkedIn,Carousel,55+,Male,Europe,55342,5397.0,10.25,2025-02-02,6129
C6209,3960,829,0.0893,4.78,150,26.4,0.1809,13,YouTube,Image,18-24,Female,North America,8250,3999.6,2.06,2024-10-04,9283
C4755,4740,635,0.1876,7.46,78,60.77,0.1228,12,LinkedIn,Text,18-24,Other,North America,3354,4550.4,0.74,2024-07-13,3384
C4279,8900,1967,0.4551,4.52,390,22.82,0.1983,21,Facebook,Image,18-24,Other,Europe,39390,8633.0,4.56,2024-11-11,4322
C8550,6400,1500,0.5427,4.27,1263,5.07,0.842,10,LinkedIn,Carousel,18-24,Female,South America,125037,6592.0,18.97,2024-08-13,2763
C4057,5540,54,0.0093,102.59,29,191.03,0.537,24,YouTube,Text,55+,Other,North America,5133,5263.0,0.98,2024-03-11,5806
C9797,8330,1235,0.3323,6.74,907,9.18,0.7344,14,Facebook,Image,45-54,Other,Africa,134236,8746.5,15.35,2024-03-02,3716
C4318,7440,1584,1.3834,4.7,860,8.65,0.5429,12,Google,Carousel,55+,Other,Asia,138460,7068.0,19.59,2024-04-02,1145
C6182,8180,1100,0.165,7.44,452,18.1,0.4109,14,LinkedIn,Text,45-54,Other,South America,54240,8507.2,6.38,2024-03-24,6666
C7386,9130,108,0.0155,84.54,38,240.26,0.3519,30,LinkedIn,Carousel,55+,Other,South America,7600,9586.5,0.79,2024-04-29,6967
C3248,7360,1948,0.9634,3.78,1587,4.64,0.8147,19,Facebook,Text,45-54,Male,Europe,234876,7728.0,30.39,2024-08-26,2022
C5065,4000,493,0.0678,8.11,473,8.46,0.9594,25,Instagram,Video,45-54,Male,South America,31218,3840.0,8.13,2024-10-08,7271
C5236,2090,751,0.3623,2.78,466,4.48,0.6205,20,Instagram,Text,35-44,Female,Europe,43804,2110.9,20.75,2024-12-21,2072
C2760,7070,1219,0.5328,5.8,204,34.66,0.1674,17,YouTube,Carousel,35-44,Female,Africa,30804,7352.8,4.19,2024-11-19,2287
C5987,5010,312,0.0878,16.06,76,65.92,0.2436,25,LinkedIn,Video,35-44,Female,Asia,14136,4959.9,2.85,2024-06-14,3553
C8070,3020,1231,0.241,2.45,492,6.14,0.3997,23,YouTube,Image,25-34,Male,Africa,44280,2989.8,14.81,2024-09-26,5107
C7438,2910,544,0.086,5.35,244,11.93,0.4485,14,Instagram,Image,55+,Female,North America,20496,2764.5,7.41,2024-07-27,6325
C4391,7930,224,0.0417,35.4,70,113.29,0.3125,29,YouTube,Video,35-44,Other,Europe,8330,8247.2,1.01,2024-04-15,5371
C2588,6710,1570,0.4906,4.27,1436,4.67,0.9146,24,YouTube,Image,25-34,Other,Europe,104828,6642.9,15.78,2024-07-20,3200
C7291,2470,135,0.0147,18.3,77,32.08,0.5704,8,Facebook,Video,25-34,Other,Asia,14630,2445.3,5.98,2024-03-25,9183
C4765,3060,1264,0.2901,2.42,341,8.97,0.2698,16,Google,Carousel,35-44,Female,North America,28644,3029.4,9.46,2025-01-18,4357
C7311,9610,423,0.3246,22.72,78,123.21,0.1844,27,YouTube,Text,45-54,Male,Europe,11622,9225.6,1.26,2024-03-28,1303
C2978,2170,394,0.0655,5.51,70,31.0,0.1777,27,LinkedIn,Image,25-34,Male,South America,11130,2061.5,5.4,2024-12-15,6015
C2672,8340,1564,0.249,5.33,969,8.61,0.6196,19,LinkedIn,Image,35-44,Female,South America,76551,8173.2,9.37,2024-06-23,6281
C1198,5780,163,0.0478,35.46,103,56.12,0.6319,16,Instagram,Image,18-24,Female,Europe,10403,5953.4,1.75,2024-12-10,3410
C2879,5200,1159,0.4003,4.49,143,36.36,0.1234,17,LinkedIn,Image,35-44,Female,North America,15301,5460.0,2.8,2024-12-28,2895
C2768,5570,494,0.1625,11.28,236,23.6,0.4777,23,Facebook,Video,55+,Female,Asia,27140,5458.6,4.97,2024-07-06,3040
C2382,7940,943,0.1388,8.42,160,49.62,0.1697,22,LinkedIn,Carousel,18-24,Other,South America,15200,8178.2,1.86,2024-10-28,6793
C5327,3180,410,0.1267,7.76,396,8.03,0.9659,10,YouTube,Image,45-54,Other,Europe,30096,3339.0,9.01,2024-06-16,3235
C8534,9130,1897,0.5738,4.81,127,71.89,0.0669,25,Facebook,Image,45-54,Female,South America,17272,9038.7,1.91,2024-09-08,3306
C6153,7510,544,0.1825,13.81,88,85.34,0.1618,14,YouTube,Video,55+,Other,North America,5016,7510.0,0.67,2024-09-25,2980
C5259,2590,980,0.2695,2.64,551,4.7,0.5622,12,Instagram,Carousel,45-54,Female,North America,24244,2486.4,9.75,2024-11-03,3636
C9489,4130,935,0.7397,4.42,652,6.33,0.6973,23,LinkedIn,Text,45-54,Other,North America,119316,4088.7,29.18,2024-07-30,1264
C6841,2290,919,0.0975,2.49,220,10.41,0.2394,29,Google,Carousel,25-34,Male,Europe,28380,2198.4,12.91,2024-10-16,9425
C2310,2070,777,0.1777,2.66,537,3.85,0.6911,26,Facebook,Text,55+,Female,North America,79476,1966.5,40.41,2024-10-27,4372
C2224,5990,393,0.0504,15.24,372,16.1,0.9466,9,Google,Video,18-24,Male,Europe,30876,5990.0,5.15,2025-01-11,7797
C2921,6340,585,0.0809,10.84,299,21.2,0.5111,12,LinkedIn,Text,18-24,Male,Africa,56511,6403.4,8.83,2024-11-08,7231
C6627,3190,830,0.0997,3.84,24,132.92,0.0289,26,Google,Image,35-44,Other,Africa,2520,3285.7,0.77,2024-07-13,8324
C3701,3470,181,0.1425,19.17,173,20.06,0.9558,16,Facebook,Text,18-24,Male,North America,30794,3435.3,8.96,2024-11-29,1270
C4322,3740,813,0.0875,4.6,229,16.33,0.2817,10,Google,Text,25-34,Male,North America,21526,3814.8,5.64,2024-02-24,9291
C7266,9030,1338,1.1925,6.75,1262,7.16,0.9432,28,Instagram,Carousel,55+,Male,Africa,193086,8578.5,22.51,2024-05-26,1122
C6047,5850,556,0.0561,10.52,56,104.46,0.1007,30,YouTube,Image,25-34,Female,North America,8232,6025.5,1.37,2024-12-14,9910
C6788,4730,1724,0.478,2.74,539,8.78,0.3126,17,YouTube,Video,45-54,Male,North America,76538,4824.6,15.86,2024-08-30,3606
C8368,9640,258,0.1527,37.36,115,83.83,0.4457,16,YouTube,Video,25-34,Male,Africa,5405,9640.0,0.56,2024-06-11,1689
C1811,8630,1370,0.2234,6.3,650,13.28,0.4745,27,YouTube,Text,45-54,Female,North America,103350,8284.8,12.47,2024-11-16,6132
C7004,5440,353,0.179,15.41,260,20.92,0.7365,28,Instagram,Carousel,45-54,Other,Africa,13260,5494.4,2.41,2024-03-14,1972
C1533,3480,85,0.0092,40.94,40,87.0,0.4706,7,LinkedIn,Carousel,45-54,Male,Europe,5440,3445.2,1.58,2024-12-18,9239
C9963,4070,489,0.0544,8.32,17,239.41,0.0348,25,LinkedIn,Carousel,25-34,Other,Africa,2584,3947.9,0.65,2025-01-17,8988
C1805,5820,1447,0.1502,4.02,521,11.17,0.3601,21,Instagram,Video,55+,Female,North America,87007,5936.4,14.66,2024-07-04,9633
C6513,4470,1315,0.2208,3.4,419,10.67,0.3186,20,Facebook,Carousel,35-44,Male,Europe,51118,4291.2,11.91,2024-06-14,5955
C4429,2450,307,0.1463,7.98,23,106.52,0.0749,20,Google,Text,35-44,Female,Asia,4462,2327.5,1.92,2024-07-30,2098
C2000,2050,321,0.0467,6.39,200,10.25,0.6231,9,Facebook,Video,45-54,Other,Asia,37600,2111.5,17.81,2024-10-06,6873
C9598,7600,1069,0.2562,7.11,236,32.2,0.2208,8,LinkedIn,Image,45-54,Other,Africa,38940,7904.0,4.93,2024-08-27,4172
C7377,2550,1223,0.3811,2.09,455,5.6,0.372,10,Instagram,Text,25-34,Female,Africa,22750,2677.5,8.5,2024-07-26,3209
C5838,5740,1931,1.3685,2.97,1079,5.32,0.5588,11,Google,Text,45-54,Male,South America,84162,5740.0,14.66,2024-12-26,1411
C5542,4930,723,0.2746,6.82,271,18.19,0.3748,26,YouTube,Text,18-24,Female,South America,12195,4831.4,2.52,2024-10-04,2632
C1776,5900,208,0.0213,28.37,195,30.26,0.9375,25,LinkedIn,Carousel,35-44,Female,Europe,36855,5900.0,6.25,2024-03-21,9765
C1535,6590,627,0.119,10.51,550,11.98,0.8772,11,Facebook,Carousel,18-24,Female,Asia,45650,6392.3,7.14,2024-12-24,5268
C2675,4210,867,0.16,4.86,589,7.15,0.6794,25,YouTube,Carousel,45-54,Male,Asia,48298,4167.9,11.59,2024-10-26,5418
C1678,4950,693,0.0853,7.14,202,24.5,0.2915,25,YouTube,Text,55+,Male,Asia,39188,4702.5,8.33,2024-11-12,8124
C5887,2050,1904,1.3668,1.08,869,2.36,0.4564,9,Instagram,Video,45-54,Other,Europe,155551,2111.5,73.67,2024-10-10,1393
C9352,8680,1288,0.4411,6.74,978,8.88,0.7593,27,LinkedIn,Text,55+,Female,Asia,63570,8680.0,7.32,2024-04-04,2919
C2828,3310,860,0.1555,3.85,151,21.92,0.1756,29,YouTube,Carousel,55+,Other,South America,26123,3210.7,8.14,2024-06-13,5530
C6119,3200,499,0.0766,6.41,175,18.29,0.3507,21,LinkedIn,Video,55+,Other,Europe,16450,3264.0,5.04,2024-11-15,6514
C7917,8270,1722,0.6766,4.8,734,11.27,0.4262,18,Google,Carousel,55+,Other,Africa,101292,8435.4,12.01,2025-01-31,2545
C1977,2290,635,0.0923,3.61,398,5.75,0.6268,24,LinkedIn,Image,25-34,Male,North America,65670,2290.0,28.68,2024-03-26,6879
C5105,2360,1084,0.1645,2.18,74,31.89,0.0683,29,LinkedIn,Image,18-24,Female,Europe,8732,2478.0,3.52,2024-07-14,6589
C2033,7290,1432,0.2646,5.09,1424,5.12,0.9944,30,YouTube,Carousel,35-44,Other,Europe,271984,7435.8,36.58,2025-01-29,5411
C2290,7220,1930,0.3256,3.74,1559,4.63,0.8078,10,Instagram,Carousel,55+,Other,Europe,308682,7292.2,42.33,2024-04-13,5927
C2498,5350,906,0.2328,5.91,464,11.53,0.5121,7,YouTube,Carousel,25-34,Female,North America,66816,5082.5,13.15,2024-05-31,3891
C3908,6120,1493,0.1671,4.1,1320,4.64,0.8841,7,Facebook,Video,25-34,Other,South America,201960,5875.2,34.38,2024-07-05,8934
C1603,7240,416,0.1065,17.4,223,32.47,0.5361,8,YouTube,Video,45-54,Male,Europe,41924,7095.2,5.91,2024-05-24,3906
C5900,4510,1465,0.1502,3.08,479,9.42,0.327,22,Facebook,Video,25-34,Other,South America,49337,4600.2,10.72,2024-09-02,9753
C5414,3820,791,0.2423,4.83,763,5.01,0.9646,27,Facebook,Carousel,55+,Male,North America,61040,3705.4,16.47,2024-09-23,3264
C5130,5040,1393,0.1598,3.62,1065,4.73,0.7645,20,YouTube,Image,45-54,Female,Europe,184245,5191.2,35.49,2024-04-11,8717
C6300,3140,1418,0.2906,2.21,407,7.71,0.287,16,Google,Text,18-24,Female,South America,18722,3045.8,6.15,2024-10-25,4879
C1153,8520,1604,0.2056,5.31,1562,5.45,0.9738,8,Instagram,Image,55+,Other,North America,306152,8775.6,34.89,2024-06-12,7801
C7525,4470,175,0.0191,25.54,132,33.86,0.7543,16,YouTube,Carousel,45-54,Other,North America,9240,4470.0,2.07,2024-05-20,9162
C4826,9800,1943,0.8006,5.04,1641,5.97,0.8446,23,LinkedIn,Image,18-24,Female,Africa,206766,9506.0,21.75,2024-08-03,2426
C4095,4970,1975,0.3107,2.52,1894,2.62,0.959,9,LinkedIn,Image,45-54,Other,Africa,140156,4771.2,29.38,2024-03-22,6356
C2277,7180,157,0.054,45.73,138,52.03,0.879,17,Google,Text,18-24,Other,Africa,5106,6964.6,0.73,2024-11-16,2907
C8323,5880,352,0.0384,16.7,167,35.21,0.4744,9,Google,Text,35-44,Male,Asia,11690,5762.4,2.03,2024-06-23,9166
C4161,6720,856,0.2289,7.85,541,12.42,0.632,15,LinkedIn,Carousel,55+,Other,Asia,17312,6451.2,2.68,2024-08-10,3739
C3297,6770,1205,0.1246,5.62,869,7.79,0.7212,11,LinkedIn,Carousel,25-34,Female,South America,69520,6837.7,10.17,2024-02-16,9670
C6444,8840,94,0.0306,94.04,19,465.26,0.2021,14,Facebook,Video,55+,Male,South America,1938,8751.6,0.22,2024-08-15,3071
C1165,9280,1573,0.1827,5.9,1310,7.08,0.8328,22,Facebook,Carousel,18-24,Female,Asia,119210,9187.2,12.98,2024-10-06,8609
C3167,9600,283,0.0357,33.92,98,97.96,0.3463,23,Google,Image,18-24,Other,Asia,13328,9504.0,1.4,2025-02-02,7927
C4053,9100,1739,0.7988,5.23,1662,5.48,0.9557,30,Google,Video,35-44,Female,Asia,309132,8918.0,34.66,2024-05-10,2177
C9760,2640,1670,0.2384,1.58,927,2.85,0.5551,15,Google,Video,35-44,Male,North America,95481,2692.8,35.46,2024-03-22,7005
C2990,8580,1038,0.1289,8.27,721,11.9,0.6946,26,Facebook,Text,55+,Female,Europe,124733,8236.8,15.14,2024-07-19,8052
C5489,5810,806,0.0845,7.21,310,18.74,0.3846,18,LinkedIn,Video,18-24,Other,Asia,41540,5577.6,7.45,2024-04-14,9538
C1479,3660,957,0.1274,3.82,900,4.07,0.9404,29,Instagram,Image,35-44,Other,North America,164700,3623.4,45.45,2024-07-11,7511
C2411,4510,935,0.774,4.82,822,5.49,0.8791,14,Facebook,Carousel,18-24,Female,Africa,163578,4329.6,37.78,2024-06-21,1208
C4371,4040,1117,0.3712,3.62,100,40.4,0.0895,17,YouTube,Video,55+,Male,Asia,18600,4242.0,4.38,2024-06-13,3009
C1053,7480,1565,0.1876,4.78,544,13.75,0.3476,28,Instagram,Carousel,35-44,Female,Africa,107712,7180.8,15.0,2024-08-31,8342
C1011,8680,1764,0.4456,4.92,1692,5.13,0.9592,29,Google,Carousel,55+,Other,South America,309636,9027.2,34.3,2024-12-18,3958
C9560,5170,1017,0.2706,5.08,379,13.64,0.3727,24,Google,Video,18-24,Male,Europe,63293,5376.8,11.77,2024-05-09,3758
C9523,4560,960,0.1255,4.75,299,15.25,0.3115,30,YouTube,Text,35-44,Female,Africa,56212,4651.2,12.09,2025-01-12,7649
C9548,2610,1288,0.1648,2.03,699,3.73,0.5427,17,LinkedIn,Image,45-54,Male,Africa,85977,2688.3,31.98,2024-06-12,7815
C5510,8040,1126,0.1206,7.14,715,11.24,0.635,26,Instagram,Carousel,25-34,Female,Africa,89375,8120.4,11.01,2024-09-24,9336
C7701,6930,1558,0.5356,4.45,1000,6.93,0.6418,12,LinkedIn,Video,55+,Other,Africa,76000,6930.0,10.97,2024-05-08,2908
C9916,9050,987,0.3324,9.17,484,18.7,0.4904,21,Google,Video,45-54,Female,Asia,87120,8597.5,10.13,2024-05-21,2969
C9888,4130,881,0.119,4.69,184,22.45,0.2089,9,YouTube,Video,55+,Other,South America,23920,4130.0,5.79,2024-02-23,7403
C8101,7400,1363,0.1394,5.43,598,12.37,0.4387,27,Instagram,Video,55+,Female,South America,85514,7548.0,11.33,2024-06-08,9777
C3516,6840,133,0.0422,51.43,131,52.21,0.985,25,Instagram,Text,25-34,Male,Africa,11135,6566.4,1.7,2024-02-17,3151
C9308,6740,279,0.0382,24.16,99,68.08,0.3548,20,LinkedIn,Text,55+,Male,Africa,6039,6672.6,0.91,2024-06-28,7303
C9429,9200,1243,0.6081,7.4,318,28.93,0.2558,24,Instagram,Image,35-44,Other,North America,20352,9292.0,2.19,2024-03-02,2044
C8305,9260,937,0.1577,9.88,795,11.65,0.8485,19,Facebook,Carousel,18-24,Other,North America,154230,8797.0,17.53,2024-04-08,5941
C6143,9790,1283,0.1432,7.63,418,23.42,0.3258,25,LinkedIn,Image,55+,Male,Africa,40964,9985.8,4.1,2024-12-08,8959
C9836,2600,388,0.0987,6.7,241,10.79,0.6211,23,YouTube,Carousel,55+,Male,North America,44585,2496.0,17.86,2024-10-10,3931
C9708,5170,320,0.0926,16.16,126,41.03,0.3937,24,LinkedIn,Video,18-24,Male,South America,14616,5118.3,2.86,2025-01-07,3455
C2511,3220,1094,0.2907,2.94,979,3.29,0.8949,10,YouTube,Text,55+,Other,South America,169367,3252.2,52.08,2024-09-26,3763
C4061,7010,1452,0.1724,4.83,723,9.7,0.4979,22,YouTube,Image,18-24,Other,Africa,26028,6939.9,3.75,2024-06-12,8422
C6408,7300,1818,0.8527,4.02,1243,5.87,0.6837,21,LinkedIn,Carousel,55+,Female,Africa,78309,7227.0,10.84,2024-06-26,2132
C5459,3590,1427,0.2272,2.52,1411,2.54,0.9888,13,Facebook,Text,18-24,Male,Asia,64906,3446.4,18.83,2024-06-13,6280
C8044,5110,1635,0.372,3.13,804,6.36,0.4917,28,Facebook,Video,35-44,Other,South America,107736,4905.6,21.96,2024-08-27,4395
C5147,4200,1189,0.2353,3.53,127,33.07,0.1068,30,Instagram,Carousel,18-24,Other,Africa,5588,4032.0,1.39,2024-03-26,5053
C1785,8300,1193,0.8166,6.96,429,19.35,0.3596,30,Instagram,Video,25-34,Male,Africa,50622,7885.0,6.42,2024-09-22,1460
C4676,5860,1395,0.1688,4.2,310,18.9,0.2222,30,LinkedIn,Carousel,18-24,Female,South America,31930,5684.2,5.62,2024-05-24,8264
C8990,5530,1658,0.3106,3.34,435,12.71,0.2624,15,Facebook,Text,35-44,Male,Africa,27405,5253.5,5.22,2024-09-06,5338
C5792,6550,1154,0.1215,5.68,710,9.23,0.6153,9,Facebook,Carousel,45-54,Other,Europe,29110,6288.0,4.63,2024-11-01,9497
C4699,5150,1065,0.2451,4.84,216,23.84,0.2028,25,LinkedIn,Text,18-24,Other,North America,35640,4944.0,7.21,2024-03-18,4345
C3176,9790,813,0.3331,12.04,131,74.73,0.1611,13,LinkedIn,Text,35-44,Other,North America,7074,9887.9,0.72,2024-05-31,2440
C3273,5240,1542,0.2594,3.4,639,8.2,0.4144,29,Instagram,Video,18-24,Female,Asia,109269,5187.6,21.06,2024-05-13,5944
C9673,9140,279,0.1269,32.76,157,58.22,0.5627,19,Facebook,Text,35-44,Female,North America,10205,9048.6,1.13,2024-06-21,2198
C4126,2770,1909,0.7918,1.45,1311,2.11,0.6867,26,YouTube,Carousel,25-34,Male,Asia,98325,2880.8,34.13,2024-10-14,2410
C4213,2860,877,0.1099,3.26,672,4.26,0.7662,10,LinkedIn,Image,35-44,Male,Europe,98784,2717.0,36.36,2024-07-09,7979
C9401,8400,119,0.0207,70.59,115,73.04,0.9664,10,Instagram,Text,35-44,Female,South America,12650,8148.0,1.55,2024-07-03,5748
C3703,2860,1737,0.178,1.65,145,19.72,0.0835,18,LinkedIn,Carousel,55+,Male,Africa,9280,2802.8,3.31,2024-09-03,9758
C4846,2360,1668,0.6622,1.41,509,4.64,0.3052,25,Instagram,Carousel,18-24,Other,North America,42756,2360.0,18.12,2024-02-26,2518
C8078,2790,1243,0.1268,2.24,403,6.92,0.3242,14,Facebook,Text,55+,Other,South America,26195,2706.3,9.68,2024-03-22,9802
C5390,5930,551,0.1005,10.76,247,24.01,0.4483,11,YouTube,Video,45-54,Other,Europe,25441,6226.5,4.09,2024-10-27,5482
C9376,7070,427,0.0757,16.56,60,117.83,0.1405,19,Facebook,Text,55+,Male,Africa,10200,7423.5,1.37,2024-08-19,5640
C4004,3350,463,0.1223,7.24,50,67.0,0.108,7,YouTube,Image,35-44,Male,Europe,3500,3350.0,1.04,2024-08-12,3785
C5589,2410,1890,0.2376,1.28,1089,2.21,0.5762,24,Facebook,Text,18-24,Other,North America,130680,2482.3,52.64,2024-10-29,7954
C2306,6060,1411,0.1749,4.29,119,50.92,0.0843,18,LinkedIn,Text,35-44,Male,Africa,3927,5878.2,0.67,2025-01-17,8067
C5677,2900,1284,0.3179,2.26,971,2.99,0.7562,11,Facebook,Text,45-54,Male,Africa,118462,2929.0,40.44,2024-02-19,4039
C7450,6360,1273,0.1978,5.0,126,50.48,0.099,29,LinkedIn,Image,35-44,Female,Africa,13356,6296.4,2.12,2025-01-09,6435
C5033,3780,1493,0.3136,2.53,1475,2.56,0.9879,13,Facebook,Video,35-44,Female,Africa,205025,3855.6,53.18,2024-07-05,4760
C8674,2880,1476,0.1791,1.95,288,10.0,0.1951,7,LinkedIn,Video,25-34,Female,Africa,23328,2995.2,7.79,2025-02-05,8241
C6099,9530,132,0.0393,72.2,13,733.08,0.0985,13,Facebook,Text,25-34,Other,North America,1768,9148.8,0.19,2024-10-29,3358
C7138,3220,1024,0.2461,3.14,145,22.21,0.1416,7,YouTube,Image,18-24,Female,Africa,13485,3155.6,4.27,2024-03-12,4160
C4844,7660,325,0.0762,23.57,295,25.97,0.9077,14,YouTube,Video,45-54,Female,Asia,45430,8043.0,5.65,2025-01-14,4265
C5515,7990,1982,0.2559,4.03,1315,6.08,0.6635,30,LinkedIn,Carousel,25-34,Other,Asia,222235,7910.1,28.1,2024-03-05,7745
C1746,2830,836,0.2042,3.39,355,7.97,0.4246,16,LinkedIn,Video,25-34,Male,Europe,65675,2914.9,22.53,2024-06-05,4094
C9933,7120,1159,1.0975,6.14,980,7.27,0.8456,8,Facebook,Image,45-54,Other,South America,193060,6906.4,27.95,2024-05-11,1056
C8825,2700,1680,0.2335,1.61,1138,2.37,0.6774,28,LinkedIn,Text,45-54,Male,Asia,171838,2565.0,66.99,2024-02-15,7194
C7975,6610,213,0.0293,31.03,101,65.45,0.4742,16,YouTube,Carousel,25-34,Other,South America,19392,6345.6,3.06,2024-06-24,7269
C7607,2610,1508,0.4763,1.73,131,19.92,0.0869,13,Instagram,Carousel,25-34,Other,North America,14541,2557.8,5.68,2024-09-09,3166
C9454,8740,1817,0.3532,4.81,1346,6.49,0.7408,14,Facebook,Carousel,25-34,Male,North America,254394,8740.0,29.11,2024-10-30,5144
C8148,7380,168,0.0446,43.93,17,434.12,0.1012,27,LinkedIn,Text,35-44,Female,Africa,646,7675.2,0.08,2024-12-14,3766
C7717,2480,959,0.1162,2.59,849,2.92,0.8853,18,LinkedIn,Video,25-34,Male,Africa,26319,2504.8,10.51,2024-07-22,8253
C9867,6110,1689,0.3424,3.62,622,9.82,0.3683,9,LinkedIn,Carousel,35-44,Other,Asia,72774,6048.9,12.03,2024-05-19,4932
C3387,6750,1677,0.5581,4.03,1015,6.65,0.6052,12,Google,Carousel,35-44,Other,South America,156310,6547.5,23.87,2024-08-20,3004
C1341,4630,859,0.2088,5.39,735,6.3,0.8556,29,Facebook,Carousel,18-24,Female,Europe,127890,4630.0,27.62,2024-04-17,4113
C2816,8390,1448,0.79,5.79,1432,5.86,0.989,27,Facebook,Image,18-24,Male,Asia,173272,8306.1,20.86,2024-08-11,1832
C5907,8030,352,0.0495,22.81,288,27.88,0.8182,14,Facebook,Video,18-24,Female,Europe,22752,7869.4,2.89,2025-02-03,7111
C5355,5490,1765,0.4453,3.11,666,8.24,0.3773,15,YouTube,Text,35-44,Male,Asia,22644,5764.5,3.93,2024-12-11,3963
C5938,4630,1667,1.5252,2.78,1446,3.2,0.8674,9,Instagram,Text,45-54,Male,South America,160506,4537.4,35.37,2024-12-10,1092
C3935,5000,321,0.1499,15.58,307,16.29,0.9564,21,Facebook,Text,35-44,Male,North America,20876,4850.0,4.3,2024-07-09,2141
C7449,2160,1164,0.4856,1.86,862,2.51,0.7405,21,Google,Carousel,25-34,Other,North America,124990,2203.2,56.73,2024-07-09,2397
C3181,8370,732,0.2679,11.43,594,14.09,0.8115,24,YouTube,Text,18-24,Male,South America,48114,8370.0,5.75,2024-07-22,2732
C4782,6260,1573,0.1804,3.98,487,12.85,0.3096,13,Google,Video,35-44,Male,Asia,19967,6510.4,3.07,2025-01-29,8719
C5794,9240,877,0.0914,10.54,472,19.58,0.5382,17,Instagram,Image,18-24,Other,Africa,82128,8962.8,9.16,2024-05-24,9595
C7681,8840,299,0.1449,29.57,226,39.12,0.7559,20,YouTube,Video,18-24,Other,Asia,28476,8840.0,3.22,2024-12-02,2063
C3996,5140,1134,0.1614,4.53,687,7.48,0.6058,16,Facebook,Carousel,35-44,Male,South America,33663,5037.2,6.68,2025-01-11,7026
C1555,9360,838,0.0879,11.17,832,11.25,0.9928,30,LinkedIn,Carousel,35-44,Other,South America,154752,9172.8,16.87,2024-10-11,9533
C2434,8140,1491,0.3777,5.46,1279,6.36,0.8578,24,Instagram,Video,45-54,Other,Africa,203361,8384.2,24.26,2025-01-28,3947
C8502,8310,842,0.0996,9.87,484,17.17,0.5748,25,Instagram,Image,18-24,Other,Asia,82280,8725.5,9.43,2025-02-01,8453
C3055,2350,1387,0.1809,1.69,734,3.2,0.5292,15,YouTube,Carousel,25-34,Other,Asia,104228,2420.5,43.06,2024-10-10,7667
C6872,5230,897,0.1636,5.83,335,15.61,0.3735,20,Google,Video,25-34,Other,Europe,64990,5073.1,12.81,2024-12-23,5482
C7596,2190,254,0.0572,8.62,239,9.16,0.9409,8,Instagram,Carousel,35-44,Male,Africa,7170,2102.4,3.41,2024-07-12,4440
C2221,7460,645,0.1664,11.57,95,78.53,0.1473,11,LinkedIn,Video,45-54,Other,Africa,18335,7683.8,2.39,2024-10-09,3876
C9288,8800,1692,1.5424,5.2,1462,6.02,0.8641,30,LinkedIn,Image,18-24,Female,Asia,119884,8360.0,14.34,2024-10-12,1096
C9249,6740,595,0.3504,11.33,567,11.89,0.9529,8,LinkedIn,Video,45-54,Other,Europe,36288,6874.8,5.28,2024-02-27,1698
C4482,9110,1100,0.6691,8.28,661,13.78,0.6009,11,Facebook,Image,55+,Male,North America,104438,9565.5,10.92,2024-12-21,1643
C5313,6190,1673,1.5405,3.7,1321,4.69,0.7896,26,Facebook,Video,55+,Other,Europe,81902,6313.8,12.97,2024-10-15,1086
C5399,6550,1382,0.6476,4.74,407,16.09,0.2945,14,Facebook,Text,35-44,Male,South America,71632,6222.5,11.51,2024-07-21,2134
C5557,6620,962,0.4779,6.88,917,7.22,0.9532,15,Google,Video,25-34,Other,Africa,53186,6951.0,7.65,2024-06-30,2012
C6874,5890,484,0.0534,12.17,237,24.85,0.4897,17,Instagram,Video,45-54,Male,South America,22041,5831.1,3.78,2024-10-29,9063
C5999,2540,1598,0.6389,1.59,854,2.97,0.5344,24,LinkedIn,Carousel,25-34,Other,North America,157136,2514.6,62.49,2024-02-22,2501
C3701,7380,1697,0.2188,4.35,518,14.25,0.3052,26,Google,Text,55+,Other,Europe,76664,7011.0,10.93,2024-06-07,7755
C1508,7610,526,0.2136,14.47,137,55.55,0.2605,27,Instagram,Text,18-24,Other,Asia,20413,7686.1,2.66,2024-12-13,2462
C2576,9130,1718,0.9172,5.31,1390,6.57,0.8091,19,LinkedIn,Video,45-54,Female,North America,247420,9312.6,26.57,2024-06-30,1873
C6242,2400,1318,0.4925,1.82,286,8.39,0.217,23,YouTube,Video,45-54,Other,Europe,33462,2280.0,14.68,2024-07-04,2676
C2157,9510,622,0.5743,15.29,277,34.33,0.4453,15,Google,Carousel,45-54,Female,South America,21606,9224.7,2.34,2024-11-27,1083
C1002,9950,1806,0.1819,5.51,1612,6.17,0.8926,25,Facebook,Carousel,18-24,Female,Asia,320788,10348.0,31.0,2024-06-22,9928
C9559,4960,1351,0.1527,3.67,141,35.18,0.1044,23,LinkedIn,Text,35-44,Male,South America,6627,4960.0,1.34,2024-12-09,8847
C8244,3790,929,0.1444,4.08,93,40.75,0.1001,15,Google,Text,35-44,Male,Africa,9486,3827.9,2.48,2025-01-19,6433
C2340,3400,1173,0.1277,2.9,1018,3.34,0.8679,7,Facebook,Text,45-54,Male,Europe,123178,3434.0,35.87,2024-10-23,9185
C7255,3650,1187,0.1673,3.07,130,28.08,0.1095,7,YouTube,Text,35-44,Female,Europe,5200,3540.5,1.47,2024-10-05,7095
C8218,5940,107,0.0664,55.51,43,138.14,0.4019,7,YouTube,Carousel,45-54,Other,Africa,7697,5643.0,1.36,2024-03-11,1611
C7331,4040,846,0.0902,4.78,522,7.74,0.617,24,YouTube,Video,25-34,Female,Asia,41238,4201.6,9.81,2024-10-05,9379
C6586,4400,1049,0.1456,4.19,16,275.0,0.0153,20,Google,Carousel,18-24,Female,Asia,2464,4356.0,0.57,2024-02-18,7204
C1413,2390,296,0.0321,8.07,204,11.72,0.6892,27,Google,Video,25-34,Male,Africa,38760,2366.1,16.38,2025-01-27,9221
C6528,5760,1469,0.2613,3.92,917,6.28,0.6242,17,Facebook,Carousel,35-44,Male,Europe,78862,5702.4,13.83,2024-06-19,5621
C8829,9030,1696,0.1886,5.32,1246,7.25,0.7347,30,LinkedIn,Image,55+,Other,Asia,179424,8668.8,20.7,2024-08-13,8992
C2805,9230,1553,0.4145,5.94,916,10.08,0.5898,8,Instagram,Image,18-24,Male,Africa,62288,9414.6,6.62,2025-01-18,3746
C8023,6640,1433,0.2151,4.63,108,61.48,0.0754,14,LinkedIn,Image,55+,Female,South America,19116,6440.8,2.97,2024-06-11,6662
C1542,4210,1427,0.688,2.95,277,15.2,0.1941,28,Facebook,Text,45-54,Other,Europe,12742,4167.9,3.06,2024-11-06,2074
C5660,9690,1389,0.2441,6.98,1191,8.14,0.8575,10,Google,Image,55+,Other,South America,202470,9980.7,20.29,2024-11-16,5690
C7614,9800,698,0.2913,14.04,502,19.52,0.7192,18,Instagram,Text,18-24,Male,South America,33132,9604.0,3.45,2024-07-24,2396
C2469,9350,687,0.2915,13.61,192,48.7,0.2795,27,Instagram,Image,35-44,Other,South America,27264,9069.5,3.01,2024-09-26,2356
C1900,6970,1562,0.5014,4.46,1530,4.56,0.9795,15,Facebook,Text,35-44,Male,Asia,73440,7039.7,10.43,2024-05-03,3115
C1108,7010,271,0.0849,25.87,41,170.98,0.1513,11,YouTube,Carousel,25-34,Male,North America,2665,7080.1,0.38,2025-01-21,3191
C2071,7120,903,0.1705,7.88,471,15.12,0.5216,18,YouTube,Video,45-54,Other,Europe,28260,6835.2,4.13,2024-03-04,5296
C6095,3750,1251,0.176,3.0,29,129.31,0.0232,13,LinkedIn,Carousel,25-34,Other,Africa,1682,3825.0,0.44,2024-06-20,7107
C5045,6950,407,0.1886,17.08,237,29.32,0.5823,26,Google,Video,35-44,Other,South America,46689,7297.5,6.4,2024-08-23,2158
C4555,4200,661,0.1647,6.35,597,7.04,0.9032,21,Instagram,Video,25-34,Male,South America,46566,4200.0,11.09,2024-05-04,4013
C4793,5700,1398,0.5603,4.08,34,167.65,0.0243,8,YouTube,Carousel,35-44,Female,South America,6256,5415.0,1.16,2024-04-25,2495
C2048,3540,168,0.0557,21.07,35,101.14,0.2083,15,YouTube,Image,55+,Female,Africa,5600,3540.0,1.58,2024-03-07,3016
C4845,4590,63,0.0222,72.86,48,95.62,0.7619,25,Google,Image,55+,Male,Asia,1776,4681.8,0.38,2024-06-17,2837
C9774,5600,236,0.0491,23.73,33,169.7,0.1398,9,Instagram,Carousel,55+,Female,Europe,1584,5656.0,0.28,2024-11-23,4806
C5042,2470,1187,0.3746,2.08,100,24.7,0.0842,30,Instagram,Video,55+,Other,Europe,7300,2519.4,2.9,2024-08-18,3168
C1725,6950,1929,0.2497,3.6,1755,3.96,0.9098,17,Google,Text,18-24,Female,Asia,198315,6880.5,28.82,2024-12-10,7725
C3371,5520,1922,0.2725,2.87,1727,3.2,0.8985,23,LinkedIn,Video,25-34,Other,North America,127798,5740.8,22.26,2024-11-28,7053
C3637,4830,1936,0.3735,2.49,1529,3.16,0.7898,10,LinkedIn,Text,45-54,Male,Europe,131494,5071.5,25.93,2024-03-12,5183
C6261,2060,1589,0.4064,1.3,600,3.43,0.3776,26,LinkedIn,Text,35-44,Other,North America,19800,2039.4,9.71,2024-08-27,3909
C5561,9040,106,0.0166,85.28,68,132.94,0.6415,25,Instagram,Text,18-24,Other,North America,8636,9130.4,0.95,2024-03-18,6385
C2077,7510,880,0.6827,8.53,820,9.16,0.9318,25,YouTube,Carousel,45-54,Other,Europe,141860,7885.5,17.99,2024-04-28,1288
C8057,2500,140,0.0146,17.86,137,18.25,0.9786,28,YouTube,Carousel,55+,Female,North America,25482,2575.0,9.9,2024-10-04,9589
C1737,4920,413,0.1405,11.91,90,54.67,0.2179,27,Instagram,Video,45-54,Male,North America,11790,4723.2,2.5,2024-03-21,2939
C1505,8810,1778,0.2963,4.96,978,9.01,0.5501,25,Google,Carousel,55+,Other,Asia,124206,8898.1,13.96,2025-01-27,6000
C2719,7620,1730,0.7786,4.4,231,32.99,0.1335,10,Instagram,Image,25-34,Other,Europe,31878,8001.0,3.98,2024-03-26,2221
C7735,9420,1006,0.3327,9.36,682,13.81,0.6779,18,Instagram,Text,25-34,Male,Europe,109120,9325.8,11.7,2024-05-01,3023
C6972,7760,111,0.0229,69.91,76,102.11,0.6847,19,Instagram,Video,55+,Female,Africa,9576,7604.8,1.26,2024-06-18,4847
C5312,5570,136,0.0247,40.96,76,73.29,0.5588,24,Google,Image,35-44,Other,North America,6764,5291.5,1.28,2024-11-28,5506
C1783,2080,1180,0.3513,1.76,1041,2.0,0.8822,8,Facebook,Image,25-34,Other,Europe,173847,1976.0,87.98,2024-02-28,3358
C3792,6230,1226,0.1735,5.08,481,12.95,0.3923,23,Facebook,Video,55+,Male,Asia,68783,6354.6,10.82,2024-11-22,7066
C9836,8280,451,0.0656,18.36,145,57.1,0.3215,17,LinkedIn,Video,45-54,Male,Africa,5220,8362.8,0.62,2024-04-20,6874
C4093,7880,1644,0.8621,4.79,320,24.62,0.1946,8,YouTube,Carousel,35-44,Male,Africa,15360,7880.0,1.95,2024-07-31,1906
C9838,4940,609,0.062,8.11,225,21.96,0.3695,17,Instagram,Text,18-24,Male,Africa,29250,5088.2,5.75,2024-08-22,9822
C1176,9150,1103,0.3458,8.3,403,22.7,0.3654,25,Facebook,Text,45-54,Female,North America,47554,9058.5,5.25,2024-06-15,3189
C7530,7750,287,0.0292,27.0,192,40.36,0.669,25,YouTube,Text,25-34,Other,South America,7104,7362.5,0.96,2024-09-28,9828
C7692,2280,1116,0.2535,2.04,102,22.35,0.0914,18,YouTube,Video,25-34,Other,Europe,19176,2325.6,8.25,2024-10-30,4402
C7432,8920,121,0.0486,73.72,40,223.0,0.3306,16,Google,Video,18-24,Female,Africa,6800,8920.0,0.76,2024-08-20,2489
C8177,3350,904,0.1709,3.71,81,41.36,0.0896,10,Instagram,Carousel,55+,Other,Asia,2592,3450.5,0.75,2025-01-18,5289
C1378,3280,74,0.0504,44.32,53,61.89,0.7162,30,Facebook,Image,45-54,Female,Africa,1643,3148.8,0.52,2024-04-03,1468
C7959,3450,254,0.0474,13.58,14,246.43,0.0551,21,Google,Video,25-34,Male,Asia,2212,3346.5,0.66,2024-06-15,5358
C2638,3180,972,0.0998,3.27,546,5.82,0.5617,15,LinkedIn,Carousel,55+,Female,Africa,57876,3339.0,17.33,2024-03-14,9739
C5910,4310,577,0.1408,7.47,188,22.93,0.3258,7,Facebook,Carousel,18-24,Other,Africa,20868,4223.8,4.94,2024-08-15,4098
C9293,8820,1322,0.7776,6.67,61,144.59,0.0461,16,Facebook,Video,45-54,Other,Africa,6832,9172.8,0.74,2024-02-22,1700
C2716,6260,1549,1.2008,4.04,665,9.41,0.4293,21,Facebook,Image,25-34,Other,Europe,99750,6385.2,15.62,2024-05-20,1289
C9055,3850,129,0.0155,29.84,101,38.12,0.7829,30,YouTube,Carousel,35-44,Other,Europe,7373,3850.0,1.92,2025-02-01,8322
C2772,9150,826,0.1379,11.08,40,228.75,0.0484,18,Facebook,Text,18-24,Other,Asia,4960,9516.0,0.52,2024-04-05,5989
C2972,4540,1125,0.2015,4.04,191,23.77,0.1698,7,LinkedIn,Carousel,25-34,Male,Europe,34762,4449.2,7.81,2024-04-05,5583
C2481,8510,681,0.2304,12.5,636,13.38,0.9339,7,Facebook,Carousel,45-54,Male,South America,52152,8424.9,6.19,2024-07-01,2955
C5611,6300,663,0.0861,9.5,446,14.13,0.6727,19,Instagram,Carousel,35-44,Male,Europe,37018,6489.0,5.7,2024-12-03,7700
C7572,4660,729,0.0999,6.39,70,66.57,0.096,25,YouTube,Carousel,55+,Female,Africa,9870,4706.6,2.1,2025-01-07,7297
C4973,4610,1114,0.235,4.14,159,28.99,0.1427,15,Facebook,Carousel,25-34,Male,Asia,25281,4471.7,5.65,2024-09-16,4740
C4744,6980,1494,0.4468,4.67,510,13.69,0.3414,29,YouTube,Carousel,25-34,Female,South America,74970,6631.0,11.31,2024-05-04,3343
C1946,2030,715,0.1761,2.84,537,3.78,0.751,14,YouTube,Carousel,25-34,Other,Africa,81624,1928.5,42.33,2025-01-20,4060
C7586,3760,459,0.1544,8.19,285,13.19,0.6209,9,Instagram,Carousel,35-44,Female,South America,44460,3684.8,12.07,2024-09-26,2972
C1127,2290,1109,0.68,2.06,71,32.25,0.064,9,Facebook,Video,35-44,Male,South America,6603,2381.6,2.77,2024-07-20,1630
C6136,6100,1597,0.2081,3.82,52,117.31,0.0326,26,YouTube,Carousel,55+,Female,Africa,2756,6344.0,0.43,2024-05-31,7674
C2281,2850,1962,0.1968,1.45,312,9.13,0.159,14,Instagram,Text,18-24,Male,South America,23088,2707.5,8.53,2024-04-26,9969
C9118,2510,344,0.0468,7.3,220,11.41,0.6395,21,Google,Image,35-44,Male,Africa,43340,2459.8,17.62,2024-12-16,7350
C6880,9880,927,0.1895,10.66,521,18.96,0.562,24,Instagram,Image,45-54,Other,Europe,75545,9781.2,7.72,2024-05-11,4891
C6366,8240,327,0.0485,25.2,292,28.22,0.893,11,LinkedIn,Image,55+,Male,Africa,41464,8157.6,5.08,2024-07-09,6742
C3759,4610,1879,0.402,2.45,867,5.32,0.4614,11,Instagram,Carousel,18-24,Other,Africa,125715,4610.0,27.27,2025-01-24,4674
C3041,4380,348,0.0642,12.59,227,19.3,0.6523,12,Instagram,Text,55+,Female,Africa,25651,4248.6,6.04,2024-07-27,5420
C4336,4930,1192,0.1204,4.14,135,36.52,0.1133,27,LinkedIn,Image,55+,Male,Africa,4590,5028.6,0.91,2024-10-18,9900
C9305,9150,1038,0.21,8.82,80,114.38,0.0771,28,Google,Text,25-34,Other,Asia,4240,9150.0,0.46,2024-08-28,4942
C3508,3060,487,0.136,6.28,339,9.03,0.6961,22,Instagram,Image,18-24,Other,South America,55935,2907.0,19.24,2024-04-13,3580
C9092,3720,1751,0.7305,2.12,80,46.5,0.0457,20,Facebook,Carousel,18-24,Other,Europe,15200,3868.8,3.93,2024-12-16,2396
C3215,3080,337,0.0648,9.14,37,83.24,0.1098,8,Facebook,Image,35-44,Male,North America,1369,3110.8,0.44,2024-12-16,5200
C4306,9330,992,0.295,9.41,547,17.06,0.5514,15,LinkedIn,Image,18-24,Female,Asia,91896,9330.0,9.85,2024-04-14,3362
C5802,3890,1343,0.2646,2.9,1135,3.43,0.8451,12,Facebook,Image,18-24,Male,South America,53345,3773.3,14.14,2024-10-10,5075
C4892,6320,782,0.1964,8.08,367,17.22,0.4693,16,YouTube,Carousel,45-54,Other,Africa,49178,6572.8,7.48,2024-04-11,3981
C5299,3310,957,0.1585,3.46,291,11.37,0.3041,28,Instagram,Carousel,35-44,Male,Africa,34338,3177.6,10.81,2025-02-04,6037
C5700,2110,1157,0.1357,1.82,183,11.53,0.1582,16,Google,Image,55+,Female,North America,35319,2131.1,16.57,2024-09-17,8526
C2361,7070,430,0.0456,16.44,238,29.71,0.5535,7,Google,Carousel,35-44,Female,Asia,37604,7423.5,5.07,2024-08-26,9429
C5324,4080,1369,0.1374,2.98,1299,3.14,0.9489,11,Google,Carousel,35-44,Female,Asia,200046,4120.8,48.55,2024-04-05,9963
C1822,9960,465,0.0986,21.42,176,56.59,0.3785,17,Instagram,Carousel,18-24,Other,Asia,12672,9860.4,1.29,2024-03-09,4716
C1510,7900,1604,0.3808,4.93,958,8.25,0.5973,25,Facebook,Image,25-34,Male,South America,98674,8295.0,11.9,2024-04-20,4212
C5404,5340,1176,0.2106,4.54,97,55.05,0.0825,16,Instagram,Video,35-44,Other,Africa,13095,5073.0,2.58,2024-03-09,5584
C3108,9730,497,0.1624,19.58,51,190.78,0.1026,29,LinkedIn,Text,35-44,Other,Asia,4080,9438.1,0.43,2024-02-22,3060
C7169,2460,813,0.0961,3.03,609,4.04,0.7491,29,LinkedIn,Image,55+,Other,North America,67599,2484.6,27.21,2024-10-11,8459
C4316,4690,686,0.1717,6.84,207,22.66,0.3017,28,Instagram,Video,45-54,Male,North America,9108,4924.5,1.85,2025-01-27,3995
C8539,2280,326,0.0758,6.99,131,17.4,0.4018,21,Facebook,Text,35-44,Other,Africa,14279,2348.4,6.08,2024-06-01,4300
C4251,6680,1345,0.9655,4.97,545,12.26,0.4052,26,YouTube,Carousel,18-24,Female,South America,59405,6947.2,8.55,2024-07-13,1393
C9343,6960,553,0.1418,12.59,204,34.12,0.3689,21,Facebook,Carousel,18-24,Male,Africa,8772,7308.0,1.2,2025-02-02,3899
C2960,5730,1769,0.2696,3.24,501,11.44,0.2832,22,LinkedIn,Text,25-34,Other,Europe,77655,5500.8,14.12,2024-09-11,6561
C2041,4820,1855,0.2154,2.6,1410,3.42,0.7601,22,Google,Text,45-54,Male,Africa,57810,4964.6,11.64,2024-11-20,8611
C9739,5610,1272,0.4032,4.41,823,6.82,0.647,20,Instagram,Video,35-44,Male,North America,50203,5778.3,8.69,2025-02-07,3154
C5312,5040,717,0.1881,7.03,291,17.32,0.4059,28,LinkedIn,Carousel,55+,Male,North America,48306,5140.8,9.4,2024-10-24,3811
C1238,4940,839,0.2009,5.89,389,12.7,0.4636,12,Facebook,Text,35-44,Female,South America,17505,4989.4,3.51,2024-08-25,4176
C2337,5010,1394,0.1841,3.59,798,6.28,0.5725,12,LinkedIn,Image,35-44,Other,Europe,158802,5260.5,30.19,2024-08-28,7571
C2998,7850,1439,0.6306,5.46,1088,7.22,0.7561,15,Instagram,Image,45-54,Male,Europe,78336,7850.0,9.98,2024-08-26,2281
C9868,6030,1292,0.151,4.67,1034,5.83,0.8003,13,Facebook,Carousel,25-34,Female,North America,117876,5788.8,20.36,2024-11-08,8556
C3107,4760,1968,0.2412,2.42,1705,2.79,0.8664,20,Google,Carousel,18-24,Other,Africa,121055,4569.6,26.49,2024-08-18,8159
C6981,4700,470,0.0522,10.0,135,34.81,0.2872,21,LinkedIn,Text,35-44,Female,Asia,18630,4606.0,4.04,2024-11-16,9003
C6577,6370,1308,0.4422,4.87,1030,6.18,0.7875,7,Facebook,Carousel,35-44,Female,Asia,73130,6178.9,11.84,2024-07-23,2957
C4410,2840,171,0.0184,16.61,117,24.27,0.6842,15,YouTube,Text,18-24,Other,Europe,22815,2896.8,7.88,2024-07-01,9293
C1091,3190,579,0.2001,5.51,264,12.08,0.456,14,Instagram,Video,55+,Female,Europe,48840,3221.9,15.16,2024-12-31,2893
C5771,5130,1854,0.6676,2.77,1515,3.39,0.8172,17,Instagram,Video,45-54,Female,North America,77265,4976.1,15.53,2024-05-08,2777
C4208,5260,1309,0.1816,4.02,994,5.29,0.7594,10,Instagram,Text,55+,Male,Asia,135184,5312.6,25.45,2024-11-16,7208
C2044,3300,955,0.5018,3.46,515,6.41,0.5393,9,YouTube,Carousel,25-34,Male,North America,88065,3201.0,27.51,2025-01-24,1903
C6950,6600,526,0.0649,12.55,339,19.47,0.6445,13,Google,Video,25-34,Male,Europe,42375,6732.0,6.29,2024-03-23,8104
C4775,3680,1990,0.6256,1.85,467,7.88,0.2347,20,YouTube,Text,35-44,Other,Asia,25218,3864.0,6.53,2024-09-03,3180
C5384,2700,98,0.0299,27.55,58,46.55,0.5918,27,Instagram,Carousel,45-54,Female,South America,1740,2808.0,0.62,2024-03-24,3277
C3403,7610,860,0.1245,8.85,519,14.66,0.6035,12,Instagram,Text,45-54,Female,North America,92382,7686.1,12.02,2024-08-03,6907
C1356,9720,640,0.3912,15.19,635,15.31,0.9922,11,YouTube,Video,18-24,Male,North America,100965,9331.2,10.82,2024-11-30,1635
C1713,2460,1841,0.3281,1.34,1295,1.9,0.7034,27,Google,Video,55+,Male,Europe,132090,2386.2,55.36,2024-03-31,5611
C4177,2990,1057,0.1088,2.83,127,23.54,0.1202,11,YouTube,Image,18-24,Male,Europe,17780,2870.4,6.19,2024-04-19,9715
C6019,7980,1477,0.182,5.4,152,52.5,0.1029,14,LinkedIn,Image,55+,Female,Europe,11096,7581.0,1.46,2024-08-30,8115
C6358,5520,777,0.4269,7.1,71,77.75,0.0914,19,Google,Text,55+,Female,Europe,9372,5630.4,1.66,2025-01-08,1820
C3652,4670,1206,0.1247,3.87,49,95.31,0.0406,10,Facebook,Text,55+,Male,Africa,7742,4529.9,1.71,2025-01-30,9671
C1058,6520,1145,0.1331,5.69,454,14.36,0.3965,14,LinkedIn,Carousel,25-34,Other,North America,50848,6324.4,8.04,2024-09-25,8602
C4581,3570,145,0.0146,24.62,23,155.22,0.1586,28,YouTube,Video,55+,Male,North America,713,3534.3,0.2,2025-01-26,9931
C1826,2390,843,0.2071,2.84,20,119.5,0.0237,19,Instagram,Carousel,45-54,Male,Asia,3440,2461.7,1.4,2024-06-13,4070
C2563,4830,1346,0.2754,3.59,771,6.26,0.5728,19,Facebook,Video,55+,Other,Africa,74787,4781.7,15.64,2024-12-21,4887
C4300,3280,1389,0.5236,2.36,496,6.61,0.3571,30,Facebook,Image,55+,Female,North America,54560,3247.2,16.8,2025-01-11,2652
C4736,5430,494,0.0964,10.99,292,18.6,0.5911,9,YouTube,Video,55+,Other,Africa,21900,5701.5,3.84,2024-07-09,5124
C6991,8030,91,0.0365,88.24,35,229.43,0.3846,13,YouTube,Text,45-54,Male,Asia,2800,8431.5,0.33,2024-02-25,2493
C7863,8710,1259,0.2976,6.92,646,13.48,0.5131,27,YouTube,Image,35-44,Male,South America,49742,9145.5,5.44,2024-05-20,4230
C6080,8840,101,0.0398,87.52,48,184.17,0.4752,8,Facebook,Text,25-34,Male,Africa,5040,8486.4,0.59,2024-08-17,2537
C3695,5200,1269,0.251,4.1,644,8.07,0.5075,18,Instagram,Carousel,45-54,Male,Asia,118496,5148.0,23.02,2024-03-22,5055
C2267,5570,985,0.3119,5.65,890,6.26,0.9036,26,LinkedIn,Carousel,25-34,Female,Europe,138840,5625.7,24.68,2024-07-13,3158
C5910,7760,1931,0.7453,4.02,1221,6.36,0.6323,29,YouTube,Image,18-24,Other,Europe,238095,8148.0,29.22,2024-06-29,2590
C1744,6110,562,0.0938,10.87,456,13.4,0.8114,11,Google,Carousel,25-34,Male,South America,74328,6354.4,11.7,2024-11-26,5991
C1100,8800,584,0.2333,15.07,464,18.97,0.7945,11,Instagram,Text,18-24,Male,Europe,18560,8712.0,2.13,2025-02-02,2503
C9820,5650,1828,0.3461,3.09,74,76.35,0.0405,30,Facebook,Carousel,45-54,Other,South America,11100,5876.0,1.89,2024-06-26,5281
C5653,2490,74,0.0095,33.65,10,249.0,0.1351,23,LinkedIn,Image,18-24,Other,Europe,1830,2614.5,0.7,2024-10-16,7789
C9290,9880,1629,0.5734,6.07,32,308.75,0.0196,16,Facebook,Video,55+,Male,Europe,4672,10374.0,0.45,2024-03-09,2840
C3953,5490,833,0.3264,6.59,403,13.62,0.4838,14,YouTube,Carousel,25-34,Male,South America,35867,5270.4,6.81,2024-12-06,2552
C8907,2430,112,0.0246,21.7,38,63.95,0.3393,8,Facebook,Text,45-54,Male,Europe,6954,2551.5,2.73,2024-05-05,4552
C2651,7280,156,0.0366,46.67,44,165.45,0.2821,25,Google,Carousel,45-54,Female,Africa,3916,7061.6,0.55,2024-10-21,4262
C8979,5700,1138,0.2254,5.01,438,13.01,0.3849,24,LinkedIn,Video,35-44,Other,South America,68766,5700.0,12.06,2024-07-14,5048
C4191,9460,1780,0.5285,5.31,607,15.58,0.341,15,YouTube,Video,35-44,Other,North America,20031,9176.2,2.18,2024-04-24,3368
C2210,4790,590,0.1765,8.12,413,11.6,0.7,15,Instagram,Carousel,35-44,Male,North America,45430,4742.1,9.58,2024-06-27,3342
C7060,3110,1996,0.2248,1.56,1380,2.25,0.6914,30,Facebook,Image,55+,Female,Asia,117300,3078.9,38.1,2024-04-17,8879
C8093,9800,91,0.0101,107.69,91,107.69,1.0,8,Google,Video,55+,Female,Europe,15743,10192.0,1.54,2024-10-18,9009
C8593,3560,1845,0.4398,1.93,832,4.28,0.4509,28,Instagram,Video,18-24,Female,Africa,59904,3382.0,17.71,2024-08-27,4195
C8519,8800,1783,0.667,4.94,1557,5.65,0.8732,29,Google,Text,18-24,Female,Asia,263133,8536.0,30.83,2024-11-14,2673
C6299,3780,1181,0.153,3.2,682,5.54,0.5775,26,Google,Carousel,45-54,Female,Europe,130944,3969.0,32.99,2024-10-27,7718
C2684,8040,672,0.5758,11.96,316,25.44,0.4702,21,Facebook,Text,18-24,Other,Europe,13588,8281.2,1.64,2024-07-23,1167
C4397,3410,889,0.3087,3.84,584,5.84,0.6569,17,LinkedIn,Carousel,35-44,Female,Africa,60152,3444.1,17.47,2024-05-30,2879
C5998,4130,954,0.1741,4.33,741,5.57,0.7767,28,YouTube,Video,25-34,Female,Africa,125229,4295.2,29.16,2024-04-25,5479
C3731,7620,1824,0.2646,4.18,1172,6.5,0.6425,23,Google,Text,45-54,Other,Asia,35160,7696.2,4.57,2024-08-20,6893
C3867,4980,1184,0.3118,4.21,520,9.58,0.4392,26,Facebook,Carousel,35-44,Male,Asia,72800,4830.6,15.07,2024-04-21,3797
C5096,6320,1816,0.2728,3.48,922,6.85,0.5077,30,YouTube,Video,45-54,Other,North America,142910,6509.6,21.95,2024-04-11,6656
C6811,9490,1834,0.6379,5.17,198,47.93,0.108,13,YouTube,Image,25-34,Other,North America,32076,9205.3,3.48,2025-01-24,2875
C6306,6150,1694,0.2802,3.63,355,17.32,0.2096,26,Instagram,Video,55+,Male,Africa,31240,6150.0,5.08,2024-12-21,6045
C7707,7780,1772,0.3083,4.39,1277,6.09,0.7207,10,LinkedIn,Text,45-54,Male,Europe,130254,8169.0,15.94,2024-07-23,5747
C3381,9320,390,0.0456,23.9,184,50.65,0.4718,16,Google,Image,55+,Male,North America,17296,9692.8,1.78,2025-01-04,8552
C9549,9030,1704,0.6349,5.3,882,10.24,0.5176,13,LinkedIn,Text,55+,Female,Europe,44982,9210.6,4.88,2024-03-03,2683
C2492,5750,1377,0.9978,4.18,470,12.23,0.3413,7,Facebook,Text,18-24,Female,Europe,73320,5462.5,13.42,2024-10-17,1380
C7257,6120,1530,0.3998,4.0,1170,5.23,0.7647,11,LinkedIn,Video,55+,Other,North America,215280,5997.6,35.89,2024-04-10,3826
C7327,6420,781,0.2883,8.22,729,8.81,0.9334,24,LinkedIn,Carousel,55+,Female,North America,139239,6355.8,21.91,2024-04-07,2708
C8365,5980,349,0.0555,17.13,311,19.23,0.8911,25,Instagram,Video,45-54,Female,Africa,57224,6279.0,9.11,2024-09-19,6288
C5953,8730,681,0.125,12.82,554,15.76,0.8135,25,LinkedIn,Image,25-34,Male,Asia,76452,9166.5,8.34,2024-08-11,5448
C3081,2480,1475,0.2291,1.68,29,85.52,0.0197,18,Google,Text,25-34,Male,South America,2668,2405.6,1.11,2024-04-04,6438
C5505,8960,968,0.2322,9.26,637,14.07,0.6581,12,Instagram,Carousel,55+,Other,Africa,35035,9139.2,3.83,2024-10-19,4168
C2441,8710,305,0.1028,28.56,164,53.11,0.5377,23,Facebook,Carousel,55+,Other,Europe,5084,9145.5,0.56,2024-08-18,2966
C6314,5210,714,0.1515,7.3,465,11.2,0.6513,10,Instagram,Video,25-34,Female,Asia,51150,5001.6,10.23,2025-01-22,4712
C5834,4940,969,0.1986,5.1,731,6.76,0.7544,13,LinkedIn,Text,25-34,Male,Africa,116229,4841.2,24.01,2024-02-18,4879
C4080,7340,488,0.2776,15.04,327,22.45,0.6701,16,YouTube,Carousel,25-34,Male,South America,47415,7340.0,6.46,2024-06-09,1757
C5468,7020,68,0.0069,103.24,24,292.5,0.3529,27,Instagram,Image,18-24,Male,North America,2856,7020.0,0.41,2024-09-07,9855
C6822,5300,754,0.1224,7.03,536,9.89,0.7109,20,Instagram,Text,55+,Female,South America,57352,5459.0,10.51,2025-01-29,6160
C3521,8800,1616,0.2981,5.45,852,10.33,0.5272,9,Facebook,Carousel,35-44,Female,Africa,120984,8712.0,13.89,2024-10-21,5420
C3725,8840,209,0.0444,42.3,39,226.67,0.1866,28,YouTube,Text,35-44,Other,Asia,6357,8486.4,0.75,2025-02-09,4707
C4257,2160,1846,0.2266,1.17,670,3.22,0.3629,11,LinkedIn,Video,25-34,Female,Europe,44220,2052.0,21.55,2024-09-22,8146
C2710,5760,1031,0.1827,5.59,933,6.17,0.9049,7,YouTube,Image,25-34,Other,Europe,34521,5875.2,5.88,2024-06-12,5643
C9247,4070,354,0.0377,11.5,215,18.93,0.6073,24,LinkedIn,Text,55+,Other,North America,35475,4070.0,8.72,2024-07-21,9389
C9280,9380,1395,0.2025,6.72,1376,6.82,0.9864,24,Facebook,Video,35-44,Other,South America,253184,9004.8,28.12,2025-02-01,6888
C6381,5170,250,0.0271,20.68,171,30.23,0.684,10,Google,Carousel,25-34,Female,South America,27531,5273.4,5.22,2025-01-20,9225
C5150,9450,1211,0.188,7.8,276,34.24,0.2279,7,Google,Video,55+,Other,South America,34500,9072.0,3.8,2024-07-04,6441
C2717,4920,643,0.1311,7.65,50,98.4,0.0778,14,Google,Carousel,35-44,Other,South America,6450,5018.4,1.29,2024-08-20,4904
C5033,9490,1557,1.1373,6.1,296,32.06,0.1901,25,LinkedIn,Text,45-54,Female,North America,51208,9110.4,5.62,2024-07-07,1369
C6173,9940,755,0.2569,13.17,441,22.54,0.5841,26,Google,Carousel,45-54,Other,Asia,86877,9940.0,8.74,2024-07-29,2938
C4854,7790,717,0.1391,10.86,647,12.04,0.9024,14,LinkedIn,Text,35-44,Male,Europe,29115,7634.2,3.81,2024-09-09,5154
C1497,5380,1797,0.547,2.99,246,21.87,0.1369,10,Instagram,Image,45-54,Female,Europe,28536,5595.2,5.1,2024-04-09,3285
C9982,4660,1452,0.1802,3.21,1265,3.68,0.8712,7,YouTube,Video,55+,Female,South America,49335,4846.4,10.18,2024-10-12,8057
C1283,3290,764,0.0786,4.31,291,11.31,0.3809,28,Instagram,Video,55+,Other,South America,58200,3290.0,17.69,2024-03-25,9720
C4136,7360,1103,0.6321,6.67,890,8.27,0.8069,24,Google,Video,45-54,Female,Europe,116590,7360.0,15.84,2024-06-27,1744
C4037,8180,1784,0.18,4.59,186,43.98,0.1043,25,Facebook,Image,18-24,Female,South America,5952,8589.0,0.69,2024-06-22,9911
C7284,9270,1804,0.6056,5.14,1143,8.11,0.6336,20,Google,Carousel,18-24,Other,Europe,99441,9270.0,10.73,2025-01-12,2978
C6379,2320,821,0.0949,2.83,218,10.64,0.2655,21,Facebook,Text,25-34,Female,Africa,12208,2227.2,5.48,2024-12-08,8651
C8219,4270,437,0.0671,9.77,218,19.59,0.4989,22,Google,Image,35-44,Other,Europe,31828,4312.7,7.38,2024-11-12,6512
C9424,9820,201,0.0261,48.86,130,75.54,0.6468,14,Facebook,Image,45-54,Female,North America,11050,9918.2,1.11,2024-10-22,7701
C1414,7850,1446,0.2259,5.43,211,37.2,0.1459,7,Google,Text,25-34,Other,Africa,10339,8242.5,1.25,2024-07-23,6401
C1317,9460,1478,0.1544,6.4,921,10.27,0.6231,19,Facebook,Text,45-54,Male,South America,160254,9270.8,17.29,2024-09-30,9572
C5675,3760,743,0.0824,5.06,50,75.2,0.0673,21,Instagram,Video,55+,Female,Europe,6250,3760.0,1.66,2024-06-28,9016
C4602,4000,1692,0.4561,2.36,1234,3.24,0.7293,14,LinkedIn,Video,45-54,Male,South America,144378,4080.0,35.39,2024-08-18,3709
C8479,6330,283,0.191,22.37,84,75.36,0.2968,18,Facebook,Carousel,55+,Other,Asia,11928,6013.5,1.98,2024-03-10,1481
C9364,2060,697,0.0713,2.96,596,3.46,0.8551,25,YouTube,Carousel,18-24,Female,Europe,111452,2121.8,52.53,2024-12-12,9775
C3227,7150,933,0.3523,7.66,907,7.88,0.9721,8,Google,Video,18-24,Other,North America,109747,7507.5,14.62,2024-03-24,2648
C2057,3780,1629,0.8137,2.32,765,4.94,0.4696,7,Google,Video,55+,Female,Europe,31365,3893.4,8.06,2024-12-30,2001
C5167,9620,114,0.0288,84.39,53,181.51,0.4649,19,LinkedIn,Video,45-54,Female,Africa,6148,9235.2,0.67,2024-07-25,3958
C4578,9840,1950,0.2719,5.05,691,14.24,0.3544,21,YouTube,Video,25-34,Other,South America,29022,9643.2,3.01,2024-05-07,7171
C1187,3040,968,0.1794,3.14,659,4.61,0.6808,10,Instagram,Text,25-34,Other,Africa,39540,3100.8,12.75,2024-04-30,5395
C7175,8600,65,0.0113,132.31,42,204.76,0.6462,27,Facebook,Text,35-44,Female,South America,3066,8686.0,0.35,2024-07-30,5752
C4107,5970,1780,0.1874,3.35,35,170.57,0.0197,29,LinkedIn,Text,35-44,Other,South America,3465,5850.6,0.59,2024-03-31,9498
C6717,4900,787,0.113,6.23,634,7.73,0.8056,12,Facebook,Text,18-24,Other,North America,67204,4900.0,13.72,2025-01-12,6964
C4255,5010,1783,0.2738,2.81,216,23.19,0.1211,10,YouTube,Carousel,25-34,Male,Asia,15552,5210.4,2.98,2024-10-31,6512
C9768,9610,356,0.0943,26.99,89,107.98,0.25,28,Google,Image,25-34,Female,Asia,4628,9610.0,0.48,2024-07-11,3775
C3049,5850,689,0.149,8.49,196,29.85,0.2845,7,Instagram,Text,55+,Other,Asia,29792,6084.0,4.9,2024-04-09,4624
C4219,5820,1896,0.267,3.07,128,45.47,0.0675,11,Instagram,Carousel,18-24,Male,Africa,9728,5529.0,1.76,2025-01-06,7101
C8974,9790,763,0.0818,12.83,318,30.79,0.4168,28,LinkedIn,Carousel,45-54,Male,Africa,17172,10279.5,1.67,2024-12-13,9327
C1662,8440,1751,0.2021,4.82,871,9.69,0.4974,14,Google,Text,25-34,Female,Asia,63583,8355.6,7.61,2024-11-19,8664
C9053,9400,1962,0.3452,4.79,464,20.26,0.2365,28,LinkedIn,Image,55+,Male,Europe,76096,9306.0,8.18,2025-01-27,5683
C7953,4100,482,0.0526,8.51,149,27.52,0.3091,19,YouTube,Video,45-54,Male,North America,16539,3895.0,4.25,2024-05-27,9163
C6725,9430,519,0.144,18.17,460,20.5,0.8863,26,LinkedIn,Video,35-44,Male,Europe,77280,9052.8,8.54,2024-08-26,3604
C7311,3970,255,0.054,15.57,237,16.75,0.9294,25,YouTube,Carousel,35-44,Female,Asia,21330,4089.1,5.22,2024-10-16,4722
C2621,4300,83,0.0208,51.81,31,138.71,0.3735,7,Google,Text,55+,Male,Africa,3131,4128.0,0.76,2025-01-12,3990
C2740,9090,1315,0.1744,6.91,264,34.43,0.2008,23,Google,Image,45-54,Male,Europe,26400,9453.6,2.79,2024-09-16,7540
C2099,3180,765,0.1483,4.16,486,6.54,0.6353,15,Instagram,Text,18-24,Male,Europe,91854,3084.6,29.78,2024-05-16,5158
C1084,8020,182,0.0258,44.07,23,348.7,0.1264,15,LinkedIn,Video,18-24,Female,North America,3726,7779.4,0.48,2024-05-08,7054
C6744,8090,605,0.1012,13.37,308,26.27,0.5091,8,YouTube,Text,35-44,Male,South America,40964,7766.4,5.27,2024-08-17,5978
C7831,6900,305,0.0363,22.62,104,66.35,0.341,26,LinkedIn,Carousel,45-54,Female,Africa,5616,6693.0,0.84,2024-05-12,8402
C5824,5350,1919,1.1457,2.79,1388,3.85,0.7233,17,YouTube,Video,25-34,Other,Asia,145740,5510.5,26.45,2024-09-01,1674
C5104,4830,180,0.0353,26.83,84,57.5,0.4667,17,Facebook,Text,45-54,Other,South America,9576,4781.7,2.0,2024-02-12,5099
C4023,8600,593,0.0973,14.5,132,65.15,0.2226,16,LinkedIn,Image,25-34,Female,North America,4224,9030.0,0.47,2024-10-06,6094
C9157,8820,910,0.8742,9.69,804,10.97,0.8835,22,YouTube,Carousel,55+,Other,Asia,77988,8467.2,9.21,2024-04-02,1040
C3302,7120,1852,0.6754,3.84,904,7.88,0.4881,20,Instagram,Video,45-54,Female,North America,169952,7262.4,23.4,2024-10-16,2742
C2103,4890,525,0.0789,9.31,193,25.34,0.3676,22,Google,Text,18-24,Male,Europe,28564,4792.2,5.96,2024-06-14,6653
C8033,3780,233,0.0465,16.22,94,40.21,0.4034,29,Google,Video,25-34,Female,Europe,15322,3780.0,4.05,2024-04-29,5010
C7315,6290,883,0.1647,7.12,407,15.45,0.4609,23,YouTube,Video,45-54,Female,Asia,66748,5975.5,11.17,2024-12-19,5361
C8114,6940,717,0.1474,9.68,341,20.35,0.4756,17,Facebook,Text,18-24,Male,Europe,21483,7287.0,2.95,2024-03-31,4864
C9125,6820,569,0.0638,11.99,186,36.67,0.3269,19,Instagram,Carousel,35-44,Female,Asia,25668,6956.4,3.69,2024-02-12,8918
C4469,2700,384,0.0714,7.03,172,15.7,0.4479,27,Facebook,Text,55+,Male,Europe,20124,2592.0,7.76,2024-05-07,5378
C1444,7910,1520,0.7415,5.2,305,25.93,0.2007,19,Instagram,Image,18-24,Female,Europe,57340,7910.0,7.25,2024-06-18,2049
C5373,3100,533,0.2777,5.82,357,8.68,0.6698,24,YouTube,Video,45-54,Other,South America,68187,2976.0,22.91,2024-07-27,1919
C2284,8750,1345,0.2035,6.51,270,32.41,0.2007,8,Instagram,Video,55+,Male,North America,19170,8662.5,2.21,2025-02-05,6609
C5932,9050,1356,0.1913,6.67,837,10.81,0.6173,30,Facebook,Text,45-54,Male,South America,32643,9412.0,3.47,2024-07-05,7088
C1269,9680,1633,0.8157,5.93,653,14.82,0.3999,24,LinkedIn,Carousel,35-44,Male,Europe,85543,10067.2,8.5,2024-09-27,2001
C8433,9780,725,0.0734,13.49,584,16.75,0.8055,10,Facebook,Carousel,35-44,Female,Asia,98696,9388.8,10.51,2024-08-20,9877
C4957,2340,470,0.058,4.98,38,61.58,0.0809,29,Facebook,Carousel,18-24,Other,South America,6232,2410.2,2.59,2024-06-27,8103
C6303,9900,1513,0.1692,6.54,1512,6.55,0.9993,12,Google,Text,35-44,Male,Asia,175392,9999.0,17.54,2024-10-14,8942
C6667,4250,1877,0.2694,2.26,315,13.49,0.1678,30,Instagram,Image,18-24,Female,North America,34965,4420.0,7.91,2024-06-21,6967
C3885,3670,561,0.4456,6.54,10,367.0,0.0178,23,YouTube,Video,35-44,Female,Africa,1540,3486.5,0.44,2024-07-19,1258
C7293,4450,1899,0.2029,2.34,307,14.5,0.1617,24,Google,Text,18-24,Other,Europe,52497,4361.0,12.04,2024-06-04,9359
C1214,7260,1485,0.4104,4.89,1405,5.17,0.9461,27,Instagram,Carousel,18-24,Female,North America,126450,7477.8,16.91,2024-05-05,3618
C3571,2570,1889,0.1984,1.36,340,7.56,0.18,27,Instagram,Video,45-54,Female,Asia,28220,2621.4,10.77,2024-10-13,9521
C9108,8440,401,0.07,21.05,258,32.71,0.6434,12,Google,Text,55+,Female,Asia,33540,8018.0,4.18,2024-10-29,5728
C6011,2520,1060,0.2028,2.38,258,9.77,0.2434,23,YouTube,Text,45-54,Other,Asia,36636,2570.4,14.25,2024-05-04,5226
C7131,6820,1429,0.1432,4.77,692,9.86,0.4843,17,Facebook,Carousel,25-34,Female,North America,125944,7161.0,17.59,2024-12-06,9979
C9947,7810,227,0.0237,34.41,173,45.14,0.7621,29,Google,Carousel,55+,Female,Africa,6401,8044.3,0.8,2024-05-27,9578
C5359,7890,319,0.176,24.73,163,48.4,0.511,9,Instagram,Text,55+,Male,North America,25428,7811.1,3.26,2024-03-06,1812
C9481,8420,434,0.046,19.4,362,23.26,0.8341,18,Instagram,Video,45-54,Female,North America,11946,8167.4,1.46,2024-12-16,9434
C6120,6220,1733,0.2771,3.59,1229,5.06,0.7092,21,LinkedIn,Text,25-34,Female,South America,106923,6282.2,17.02,2024-05-15,6254
C9158,4920,189,0.0266,26.03,154,31.95,0.8148,22,LinkedIn,Image,18-24,Female,North America,29876,5116.8,5.84,2025-01-30,7105
C8696,3850,1207,0.2009,3.19,306,12.58,0.2535,18,Instagram,Video,35-44,Male,South America,22644,3811.5,5.94,2024-08-14,6007
C5073,2160,587,0.0884,3.68,438,4.93,0.7462,12,LinkedIn,Carousel,45-54,Female,South America,79716,2116.8,37.66,2024-09-21,6640
C6703,4900,1429,0.1764,3.43,289,16.96,0.2022,7,Google,Video,35-44,Female,Africa,40460,5145.0,7.86,2024-11-05,8100
C8955,6740,537,0.0583,12.55,50,134.8,0.0931,16,Google,Text,25-34,Other,Africa,2700,6537.8,0.41,2024-08-10,9210
C5956,5180,1491,0.1646,3.47,1467,3.53,0.9839,18,LinkedIn,Video,45-54,Other,North America,281664,5180.0,54.38,2024-02-26,9058
C9257,6730,1510,0.2319,4.46,1293,5.2,0.8563,22,Instagram,Carousel,45-54,Other,North America,98268,6999.2,14.04,2024-09-23,6511
C5172,9460,1056,0.1091,8.96,589,16.06,0.5578,23,Google,Image,35-44,Male,North America,54188,9365.4,5.79,2025-01-02,9679
C6616,4790,1592,0.2508,3.01,497,9.64,0.3122,30,Google,Carousel,18-24,Other,Europe,55167,4742.1,11.63,2024-05-06,6347
C4901,9520,235,0.0376,40.51,14,680.0,0.0596,8,Facebook,Image,35-44,Male,Africa,2282,9329.6,0.24,2024-03-27,6250
C3460,5620,1265,0.1738,4.44,21,267.62,0.0166,14,Google,Video,45-54,Other,Africa,2835,5844.8,0.49,2024-10-29,7278
C1550,3190,1692,0.2007,1.89,1396,2.29,0.8251,21,Google,Image,18-24,Other,North America,83760,3190.0,26.26,2024-07-06,8430
C9385,7920,1375,0.1758,5.76,174,45.52,0.1265,15,Google,Carousel,35-44,Other,North America,19836,8078.4,2.46,2024-03-15,7821
C7499,2930,146,0.0383,20.07,50,58.6,0.3425,10,Instagram,Carousel,45-54,Female,South America,3700,2842.1,1.3,2024-08-12,3812
C3295,4380,1644,0.2757,2.66,1252,3.5,0.7616,21,LinkedIn,Carousel,18-24,Male,North America,57592,4248.6,13.56,2024-03-17,5963
C3899,7130,958,0.1071,7.44,573,12.44,0.5981,12,LinkedIn,Video,55+,Other,North America,72198,7272.6,9.93,2024-10-16,8944
C2428,2370,260,0.1226,9.12,30,79.0,0.1154,15,LinkedIn,Carousel,35-44,Other,Asia,5460,2322.6,2.35,2024-04-24,2120
C3410,2590,1291,0.1318,2.01,392,6.61,0.3036,23,Google,Text,45-54,Other,Europe,23520,2538.2,9.27,2025-01-15,9795
C2682,6510,1777,0.3739,3.66,964,6.75,0.5425,19,LinkedIn,Video,35-44,Female,Europe,68444,6835.5,10.01,2024-07-05,4752
C1149,2440,1771,0.2563,1.38,47,51.91,0.0265,13,LinkedIn,Image,45-54,Female,Europe,1645,2464.4,0.67,2024-12-15,6909
C3731,5880,898,0.0908,6.55,266,22.11,0.2962,30,LinkedIn,Carousel,35-44,Other,Asia,33250,5762.4,5.77,2024-12-01,9889
C8833,4300,956,0.12,4.5,640,6.72,0.6695,29,YouTube,Video,35-44,Female,North America,99200,4257.0,23.3,2025-01-21,7966
C3638,3880,1880,0.9131,2.06,1223,3.17,0.6505,30,LinkedIn,Carousel,25-34,Male,North America,99063,3802.4,26.05,2024-07-27,2058
C4338,7190,292,0.0638,24.62,256,28.09,0.8767,28,YouTube,Text,55+,Female,Europe,48896,7549.5,6.48,2024-06-03,4576
C6752,5720,388,0.044,14.74,141,40.57,0.3634,30,YouTube,Video,35-44,Female,Africa,26226,5434.0,4.83,2024-05-29,8818
C3932,7400,571,0.2837,12.96,417,17.75,0.7303,24,Google,Carousel,45-54,Male,Asia,57963,7622.0,7.6,2024-03-19,2012
C5539,2820,1893,0.8929,1.49,1374,2.05,0.7258,7,Google,Image,55+,Other,South America,193734,2904.6,66.7,2024-03-19,2120
C3363,7500,1324,0.1383,5.66,740,10.14,0.5589,12,Facebook,Carousel,35-44,Female,North America,59940,7575.0,7.91,2024-06-28,9573
C7188,6160,1464,0.5579,4.21,349,17.65,0.2384,9,Facebook,Video,45-54,Other,North America,21638,6344.8,3.41,2024-11-28,2624
C3702,9060,665,0.094,13.62,561,16.15,0.8436,7,Instagram,Carousel,55+,Male,South America,33099,9422.4,3.51,2024-02-16,7074
C9268,3640,955,0.1729,3.81,544,6.69,0.5696,25,Instagram,Text,35-44,Other,South America,75616,3822.0,19.78,2025-02-07,5523
C2970,5950,684,0.1187,8.7,211,28.2,0.3085,14,Google,Carousel,18-24,Other,North America,11605,6128.5,1.89,2024-05-24,5762
C6942,5780,838,0.2374,6.9,682,8.48,0.8138,27,Instagram,Text,45-54,Female,North America,75702,5491.0,13.79,2024-09-13,3529
C6297,8750,1793,0.3259,4.88,1058,8.27,0.5901,8,YouTube,Text,18-24,Other,North America,86756,8750.0,9.91,2024-02-28,5501
C9090,5740,1571,0.697,3.65,1052,5.46,0.6696,16,YouTube,Video,55+,Male,Asia,143072,5912.2,24.2,2024-08-10,2253
C3450,9080,200,0.0258,45.4,77,117.92,0.385,26,Facebook,Carousel,55+,Other,Asia,13552,8898.4,1.52,2024-08-17,7751
C9143,4530,577,0.0678,7.85,166,27.29,0.2877,9,LinkedIn,Image,18-24,Other,North America,13446,4530.0,2.97,2025-01-11,8510
C7579,9310,1584,0.4761,5.88,710,13.11,0.4482,24,LinkedIn,Video,18-24,Male,Europe,58220,9030.7,6.45,2025-01-06,3327
C2635,9900,1517,0.5366,6.53,719,13.77,0.474,8,Instagram,Video,45-54,Male,Asia,114321,10098.0,11.32,2024-09-06,2827
C9636,3420,1101,0.264,3.11,1076,3.18,0.9773,10,YouTube,Video,45-54,Other,Asia,76396,3420.0,22.34,2024-12-06,4170
C5359,4750,1322,0.2481,3.59,1147,4.14,0.8676,23,Facebook,Video,35-44,Other,South America,153698,4797.5,32.04,2024-11-28,5328
C6827,2520,911,0.2751,2.77,508,4.96,0.5576,11,YouTube,Video,55+,Male,Europe,101092,2494.8,40.52,2024-09-06,3311
C7162,7210,225,0.1143,32.04,17,424.12,0.0756,11,YouTube,Image,18-24,Other,South America,1989,7498.4,0.27,2025-01-20,1968
C9487,5850,392,0.0627,14.92,73,80.14,0.1862,8,LinkedIn,Image,25-34,Male,Europe,12410,5557.5,2.23,2024-06-14,6251
C1404,4970,1943,0.2683,2.56,186,26.72,0.0957,10,LinkedIn,Image,45-54,Female,Europe,18786,4771.2,3.94,2025-01-18,7241
C7167,3610,1314,0.1527,2.75,684,5.28,0.5205,24,Google,Carousel,55+,Male,Africa,82080,3682.2,22.29,2024-05-14,8605
C5765,2070,347,0.0459,5.97,151,13.71,0.4352,9,YouTube,Image,55+,Female,South America,14798,2070.0,7.15,2024-11-29,7559
C8598,5140,1285,0.1314,4.0,664,7.74,0.5167,16,Google,Video,25-34,Other,Europe,21248,4934.4,4.31,2024-06-21,9779
C7285,8870,1202,0.293,7.38,691,12.84,0.5749,24,LinkedIn,Carousel,25-34,Male,Europe,102959,8426.5,12.22,2025-01-31,4102
C8511,7560,904,0.2306,8.36,887,8.52,0.9812,25,Instagram,Carousel,18-24,Female,Africa,163208,7938.0,20.56,2024-05-09,3920
C6999,9160,1334,0.1715,6.87,19,482.11,0.0142,21,Instagram,Text,55+,Other,Asia,3648,9251.6,0.39,2024-05-06,7778
C7645,6670,777,0.4584,8.58,201,33.18,0.2587,7,Instagram,Image,35-44,Male,Africa,22713,6469.9,3.51,2024-12-12,1695
C5782,6690,408,0.1429,16.4,321,20.84,0.7868,15,Facebook,Image,25-34,Female,South America,21186,6489.3,3.26,2025-01-30,2855
C7738,3500,1395,0.3259,2.51,177,19.77,0.1269,9,Facebook,Video,55+,Other,Africa,13452,3570.0,3.77,2024-09-03,4280
C9821,9400,1741,0.2261,5.4,514,18.29,0.2952,16,Instagram,Text,55+,Female,Africa,67848,9118.0,7.44,2024-11-19,7700
C5108,5240,1736,0.388,3.02,1613,3.25,0.9291,21,Instagram,Carousel,45-54,Male,South America,248402,5135.2,48.37,2024-09-02,4474
C4524,8760,390,0.1711,22.46,166,52.77,0.4256,17,Instagram,Image,35-44,Female,Europe,15438,8497.2,1.82,2024-04-23,2279
C8689,5740,1683,0.4309,3.41,1002,5.73,0.5954,21,Google,Video,35-44,Male,Africa,91182,5453.0,16.72,2024-04-17,3905
C4510,2670,267,0.216,10.0,253,10.55,0.9476,10,Facebook,Video,35-44,Other,South America,20240,2616.6,7.74,2024-11-28,1236
C1739,4520,881,0.1416,5.13,78,57.95,0.0885,24,LinkedIn,Video,18-24,Male,North America,4368,4610.4,0.95,2024-12-18,6221
C2962,3550,1448,0.1509,2.45,1268,2.8,0.8757,7,LinkedIn,Carousel,25-34,Female,Asia,45648,3479.0,13.12,2024-06-07,9595
C2934,3600,751,0.1244,4.79,304,11.84,0.4048,24,LinkedIn,Image,18-24,Female,Africa,24624,3780.0,6.51,2025-01-04,6036
C7251,2400,624,0.4548,3.85,475,5.05,0.7612,27,LinkedIn,Image,18-24,Female,South America,71250,2328.0,30.61,2024-08-07,1372
C2717,8480,1244,0.3967,6.82,935,9.07,0.7516,29,YouTube,Image,45-54,Male,South America,105655,8056.0,13.12,2024-04-15,3135
C4204,9140,433,0.0539,21.11,67,136.42,0.1547,29,LinkedIn,Image,25-34,Female,Asia,2680,9597.0,0.28,2024-03-30,8033
C7879,4600,1989,0.2464,2.31,532,8.65,0.2675,13,LinkedIn,Image,25-34,Male,Europe,98420,4784.0,20.57,2024-03-17,8072
C8192,4190,1293,0.4052,3.24,1076,3.89,0.8322,21,Instagram,Video,55+,Male,South America,157096,4022.4,39.06,2024-05-27,3191
C8384,6630,931,0.1991,7.12,476,13.93,0.5113,13,Facebook,Image,55+,Male,Europe,19040,6563.7,2.9,2025-01-24,4676
C8473,7090,631,0.2207,11.24,460,15.41,0.729,11,Instagram,Image,45-54,Male,Asia,45540,7373.6,6.18,2024-07-09,2859
C5468,9700,1123,0.2337,8.64,912,10.64,0.8121,7,LinkedIn,Carousel,45-54,Other,South America,76608,9312.0,8.23,2024-12-13,4805
C6459,6840,918,0.1259,7.45,676,10.12,0.7364,12,Instagram,Carousel,18-24,Female,South America,122356,7045.2,17.37,2024-04-25,7291
C1795,6900,1883,0.2058,3.66,197,35.03,0.1046,29,Instagram,Video,25-34,Other,North America,16154,7245.0,2.23,2024-06-03,9149
C6858,9960,1747,0.1972,5.7,540,18.44,0.3091,8,YouTube,Image,45-54,Other,Europe,80460,10258.8,7.84,2025-01-04,8859
C5457,4390,137,0.0168,32.04,37,118.65,0.2701,11,Facebook,Text,25-34,Other,North America,7030,4390.0,1.6,2024-03-16,8154
C6715,3450,1325,1.1116,2.6,375,9.2,0.283,11,YouTube,Text,45-54,Other,North America,60750,3346.5,18.15,2024-06-02,1191
C8175,3520,1644,0.6244,2.14,1237,2.85,0.7524,18,Instagram,Image,25-34,Other,Asia,141018,3555.2,39.67,2024-05-09,2632
C8313,4470,1273,0.1615,3.51,1109,4.03,0.8712,25,LinkedIn,Video,55+,Female,North America,136407,4380.6,31.14,2024-05-19,7882
C6429,5320,1433,0.2535,3.71,182,29.23,0.127,8,Facebook,Video,25-34,Female,North America,20748,5586.0,3.71,2024-08-21,5652
C6366,2200,1975,1.7026,1.11,792,2.78,0.401,14,Instagram,Image,55+,Male,Africa,83160,2156.0,38.57,2024-04-01,1159
C2108,3890,1423,0.1823,2.73,855,4.55,0.6008,14,Google,Video,35-44,Male,North America,119700,3890.0,30.77,2024-10-22,7805
C2439,5210,524,0.0611,9.94,263,19.81,0.5019,23,Instagram,Carousel,18-24,Male,Europe,38135,5470.5,6.97,2024-03-18,8576
C9899,6040,312,0.2342,19.36,294,20.54,0.9423,7,Instagram,Video,18-24,Male,Africa,52038,6160.8,8.45,2024-12-21,1332
C8258,5410,1857,0.2067,2.91,1070,5.06,0.5762,19,Facebook,Video,45-54,Female,Asia,191530,5193.6,36.88,2024-05-22,8984
C4606,2630,503,0.1065,5.23,334,7.87,0.664,10,Facebook,Carousel,45-54,Other,Asia,28390,2524.8,11.24,2025-02-02,4723
C9813,2160,702,0.1137,3.08,431,5.01,0.614,12,LinkedIn,Carousel,18-24,Male,South America,39221,2160.0,18.16,2024-06-22,6174
C2298,5730,497,0.0692,11.53,321,17.85,0.6459,8,LinkedIn,Image,45-54,Other,Asia,41730,5730.0,7.28,2024-07-30,7182
C8676,7590,1556,0.2244,4.88,458,16.57,0.2943,7,LinkedIn,Image,25-34,Female,South America,70532,7286.4,9.68,2024-03-19,6934
C2738,9300,825,0.0837,11.27,714,13.03,0.8655,26,LinkedIn,Image,25-34,Male,North America,99960,9207.0,10.86,2024-09-27,9856
C3114,8180,1156,0.1889,7.08,228,35.88,0.1972,28,LinkedIn,Carousel,25-34,Other,North America,43548,7934.6,5.49,2024-04-19,6119
C5327,8320,1417,0.5329,5.87,308,27.01,0.2174,17,Instagram,Text,25-34,Female,Europe,38192,8569.6,4.46,2025-02-07,2659
C8026,8830,1535,0.2441,5.75,441,20.02,0.2873,7,YouTube,Video,45-54,Male,Africa,62622,8918.3,7.02,2024-07-25,6288
C4487,4340,860,0.1003,5.05,19,228.42,0.0221,21,LinkedIn,Text,45-54,Male,Europe,2489,4513.6,0.55,2024-04-03,8574
C9199,6830,1513,1.3655,4.51,76,89.87,0.0502,25,YouTube,Carousel,25-34,Male,Asia,13452,6898.3,1.95,2024-09-24,1108
C8090,3080,1413,0.1445,2.18,110,28.0,0.0778,9,LinkedIn,Carousel,45-54,Other,Asia,20570,3018.4,6.81,2025-01-22,9778
C1630,2450,295,0.0414,8.31,243,10.08,0.8237,18,Instagram,Carousel,55+,Female,Africa,39123,2523.5,15.5,2025-02-04,7125
C1925,4570,853,0.0959,5.36,571,8.0,0.6694,15,Google,Carousel,25-34,Male,North America,56529,4615.7,12.25,2024-12-24,8894
C5875,9680,630,0.0806,15.37,17,569.41,0.027,23,LinkedIn,Text,18-24,Male,Asia,663,9486.4,0.07,2024-03-06,7816
C6988,8390,515,0.1152,16.29,143,58.67,0.2777,29,Google,Carousel,35-44,Female,North America,27885,8390.0,3.32,2024-06-19,4470
C2258,6770,82,0.0086,82.56,75,90.27,0.9146,24,Facebook,Text,18-24,Male,Africa,11625,6431.5,1.81,2024-02-10,9534
C5241,3020,1293,0.2654,2.34,831,3.63,0.6427,13,YouTube,Text,45-54,Male,North America,124650,3050.2,40.87,2024-02-26,4871
C9165,6960,1255,0.1389,5.55,1125,6.19,0.8964,9,YouTube,Video,35-44,Female,North America,43875,6960.0,6.3,2024-10-24,9035
C8049,7810,365,0.0519,21.4,158,49.43,0.4329,10,Google,Text,25-34,Other,Asia,22120,8200.5,2.7,2024-04-09,7032
C4035,4180,239,0.0358,17.49,153,27.32,0.6402,7,YouTube,Text,25-34,Female,Africa,20655,4012.8,5.15,2024-03-29,6675
C9173,8160,1388,0.4085,5.88,139,58.71,0.1001,29,LinkedIn,Carousel,18-24,Male,South America,14317,7752.0,1.85,2024-04-22,3397
C7687,9080,415,0.1203,21.88,151,60.13,0.3639,30,Google,Image,45-54,Female,Europe,6946,8626.0,0.81,2024-06-11,3449
C3628,8170,1302,0.6045,6.27,1192,6.85,0.9155,22,YouTube,Carousel,55+,Female,South America,127544,7924.9,16.09,2024-06-09,2153
C9623,6050,378,0.038,16.01,18,336.11,0.0476,23,Facebook,Video,35-44,Female,Europe,2880,5868.5,0.49,2024-05-05,9947
C8240,9460,1828,0.4627,5.18,1041,9.09,0.5695,14,Facebook,Text,25-34,Male,Africa,125961,9460.0,13.32,2024-10-13,3950
C5836,3560,703,0.0807,5.06,567,6.28,0.8065,30,Google,Video,35-44,Male,Africa,96390,3382.0,28.5,2024-03-02,8711
C9381,6180,308,0.0934,20.06,277,22.31,0.8994,16,Facebook,Video,25-34,Female,Africa,30193,5994.6,5.04,2024-12-03,3297
C1049,7690,1775,0.3241,4.33,179,42.96,0.1008,23,LinkedIn,Image,45-54,Female,Africa,19690,7305.5,2.7,2024-12-07,5476
C7472,4350,912,0.1377,4.77,735,5.92,0.8059,11,LinkedIn,Video,25-34,Male,Europe,127155,4350.0,29.23,2024-05-28,6623
C8290,7590,716,0.093,10.6,475,15.98,0.6634,28,Google,Carousel,25-34,Female,Africa,66025,7514.1,8.79,2024-02-25,7698
C2226,2880,1161,0.3454,2.48,873,3.3,0.7519,9,Instagram,Image,45-54,Female,North America,96903,2822.4,34.33,2025-01-05,3361
C3689,4360,922,0.0969,4.73,575,7.58,0.6236,19,Google,Text,25-34,Other,Africa,108100,4185.6,25.83,2024-06-27,9514
C2771,5640,1753,0.1945,3.22,122,46.23,0.0696,16,YouTube,Carousel,25-34,Male,North America,8052,5922.0,1.36,2024-02-14,9012
C7194,2370,1021,0.1268,2.32,80,29.62,0.0784,21,Facebook,Video,35-44,Other,South America,14800,2346.3,6.31,2024-11-04,8052
C1200,3100,1362,0.9834,2.28,390,7.95,0.2863,29,Google,Text,45-54,Female,South America,61230,3038.0,20.15,2024-04-13,1384
C6836,9990,1825,0.192,5.47,22,454.09,0.0121,13,YouTube,Text,18-24,Other,Asia,1210,9590.4,0.13,2024-05-11,9505
C6926,3170,1646,0.309,1.93,1482,2.14,0.9004,10,Google,Video,25-34,Female,Asia,195624,3138.3,62.33,2024-08-10,5326
C9240,5780,153,0.1171,37.78,26,222.31,0.1699,28,Instagram,Image,45-54,Other,Asia,4784,5722.2,0.84,2024-10-29,1306
C7751,9850,908,0.2651,10.85,128,76.95,0.141,12,YouTube,Text,25-34,Female,North America,22400,9653.0,2.32,2025-01-04,3425
C3358,4400,1469,1.3665,3.0,472,9.32,0.3213,9,YouTube,Video,25-34,Male,South America,71744,4444.0,16.14,2024-12-23,1075
C7878,9090,1165,0.1638,7.8,1064,8.54,0.9133,9,Instagram,Image,18-24,Female,Africa,43624,9453.6,4.61,2024-03-12,7112
C5220,5330,645,0.108,8.26,380,14.03,0.5891,10,LinkedIn,Video,25-34,Male,North America,38380,5223.4,7.35,2024-04-05,5972
C2657,9230,1547,0.2176,5.97,1081,8.54,0.6988,18,Instagram,Image,18-24,Other,Europe,63779,9691.5,6.58,2024-12-02,7109
C6375,4210,395,0.1511,10.66,276,15.25,0.6987,22,Google,Text,35-44,Other,Europe,40848,4294.2,9.51,2024-08-27,2614
C9433,9540,777,0.1507,12.28,121,78.84,0.1557,13,Instagram,Carousel,55+,Male,Europe,10164,9253.8,1.1,2024-03-01,5155
C3313,5060,472,0.0474,10.72,416,12.16,0.8814,21,Instagram,Image,35-44,Female,South America,78624,5211.8,15.09,2024-04-07,9957
C7903,6820,1503,0.6737,4.54,659,10.35,0.4385,13,Facebook,Carousel,18-24,Other,South America,44153,6615.4,6.67,2024-10-30,2230
C3456,5850,877,0.0942,6.67,529,11.06,0.6032,17,Google,Video,55+,Other,North America,58719,6142.5,9.56,2024-12-22,9309
C5439,9130,1659,0.1726,5.5,1550,5.89,0.9343,21,Instagram,Text,55+,Other,South America,300700,9221.3,32.61,2024-03-29,9611
C8842,2060,1000,0.11,2.06,602,3.42,0.602,12,Facebook,Video,18-24,Female,Europe,70434,1998.2,35.25,2024-03-02,9090
C3479,3520,1001,0.3055,3.52,952,3.7,0.951,8,LinkedIn,Image,18-24,Male,South America,104720,3414.4,30.67,2024-07-06,3276
C8774,5710,1009,0.1505,5.66,1002,5.7,0.9931,20,Facebook,Image,55+,Other,Asia,185370,5652.9,32.79,2024-12-27,6704
C6699,6510,1944,1.7851,3.35,328,19.85,0.1687,21,Instagram,Video,25-34,Male,Africa,46576,6835.5,6.81,2024-07-29,1089
C4621,7880,527,0.4524,14.95,369,21.36,0.7002,8,Facebook,Text,18-24,Other,North America,60885,7722.4,7.88,2024-02-28,1164
C1848,6490,322,0.0731,20.16,133,48.8,0.413,10,YouTube,Video,45-54,Other,Europe,8911,6165.5,1.45,2024-02-23,4404
C6429,5850,333,0.0578,17.57,71,82.39,0.2132,28,Instagram,Video,35-44,Other,North America,12496,5674.5,2.2,2024-06-26,5761
C6111,7580,1552,0.1737,4.88,594,12.76,0.3827,17,LinkedIn,Text,55+,Male,Asia,65340,7807.4,8.37,2024-02-15,8934
C6456,2670,710,0.4587,3.76,591,4.52,0.8324,16,LinkedIn,Video,18-24,Female,South America,63828,2670.0,23.91,2024-05-25,1547
C6035,6650,1189,0.1306,5.59,373,17.83,0.3137,13,Instagram,Image,55+,Male,Europe,34316,6783.0,5.06,2024-06-06,9104
C3362,5710,1391,0.2069,4.1,1263,4.52,0.908,30,Facebook,Image,45-54,Female,South America,42942,5995.5,7.16,2024-07-03,6723
C3387,6430,1357,0.1367,4.74,647,9.94,0.4768,19,Facebook,Text,55+,Male,South America,108049,6108.5,17.69,2024-11-08,9926
C8533,4750,126,0.0173,37.7,15,316.67,0.119,24,YouTube,Image,45-54,Female,Europe,1680,4560.0,0.37,2024-02-15,7283
C2939,3520,1231,0.9038,2.86,947,3.72,0.7693,7,Instagram,Carousel,35-44,Male,North America,154361,3484.8,44.3,2024-09-13,1362
C1156,9360,229,0.1842,40.87,108,86.67,0.4716,13,LinkedIn,Text,25-34,Other,Africa,8100,8985.6,0.9,2024-09-09,1243
C2767,8230,225,0.0698,36.58,220,37.41,0.9778,15,YouTube,Text,18-24,Male,Asia,24200,7983.1,3.03,2024-08-18,3223
C5928,7530,981,0.4171,7.68,217,34.7,0.2212,8,YouTube,Carousel,55+,Other,Europe,26474,7605.3,3.48,2024-07-23,2351
C2763,5210,542,0.19,9.61,267,19.51,0.4926,14,Instagram,Carousel,18-24,Male,South America,51264,5157.9,9.94,2024-05-16,2852
C3209,9360,248,0.068,37.74,202,46.34,0.8145,13,LinkedIn,Carousel,18-24,Female,North America,31310,9828.0,3.19,2024-06-26,3647
C1656,5380,1184,0.2057,4.54,363,14.82,0.3066,22,LinkedIn,Video,55+,Male,Europe,59169,5272.4,11.22,2024-11-18,5755
C3794,7540,141,0.0174,53.48,95,79.37,0.6738,28,YouTube,Image,55+,Male,South America,9405,7163.0,1.31,2024-05-13,8103
C4156,9400,1647,0.357,5.71,1015,9.26,0.6163,9,Instagram,Text,18-24,Other,Asia,192850,9024.0,21.37,2024-04-08,4613
C3846,5000,1784,1.6783,2.8,1185,4.22,0.6642,11,Facebook,Carousel,18-24,Female,Africa,104280,5100.0,20.45,2024-03-02,1062
C7114,5650,1156,0.223,4.89,885,6.38,0.7656,13,Facebook,Video,55+,Male,Europe,152220,5876.0,25.91,2024-12-15,5183
C6882,2430,1922,0.3174,1.26,194,12.53,0.1009,18,YouTube,Image,18-24,Female,South America,29682,2430.0,12.21,2024-07-17,6055
C9366,3320,99,0.0183,33.54,44,75.45,0.4444,29,Instagram,Carousel,25-34,Other,Africa,2596,3452.8,0.75,2024-02-18,5409
C4637,3410,657,0.171,5.19,82,41.59,0.1248,28,Instagram,Carousel,18-24,Male,Europe,4182,3546.4,1.18,2025-01-18,3842
C6727,8800,1727,0.2575,5.1,734,11.99,0.425,10,Instagram,Text,18-24,Female,Europe,67528,8448.0,7.99,2024-07-30,6706
C9915,4500,995,0.1024,4.52,417,10.79,0.4191,15,LinkedIn,Text,25-34,Female,Europe,79647,4275.0,18.63,2024-10-27,9716
C7861,5000,1971,0.4888,2.54,1512,3.31,0.7671,15,Facebook,Carousel,55+,Male,Europe,198072,4800.0,41.27,2025-01-26,4032
C9652,4250,1982,0.3358,2.14,98,43.37,0.0494,28,Google,Video,45-54,Other,Asia,18816,4335.0,4.34,2024-04-29,5902
C4568,8740,1679,0.1941,5.21,460,19.0,0.274,18,Facebook,Video,45-54,Female,Africa,87400,9177.0,9.52,2024-09-23,8650
C7036,3970,1653,0.32,2.4,418,9.5,0.2529,25,Google,Image,45-54,Male,North America,22154,3930.3,5.64,2024-11-09,5165
C2847,4590,1470,0.2036,3.12,961,4.78,0.6537,14,Instagram,Video,25-34,Other,Africa,77841,4681.8,16.63,2025-01-05,7220
C3633,3170,276,0.035,11.49,174,18.22,0.6304,11,Instagram,Carousel,55+,Male,Europe,6438,3106.6,2.07,2024-06-19,7885
C6532,8490,1462,0.2141,5.81,77,110.26,0.0527,9,Instagram,Carousel,55+,Other,Africa,2387,8150.4,0.29,2024-10-10,6828
C7171,6750,123,0.0698,54.88,20,337.5,0.1626,16,LinkedIn,Carousel,18-24,Other,Asia,3720,6615.0,0.56,2024-10-23,1762
C8680,8630,1032,0.1566,8.36,875,9.86,0.8479,30,Google,Image,18-24,Male,Europe,152250,8198.5,18.57,2024-11-26,6590
C4282,3000,190,0.0288,15.79,167,17.96,0.8789,13,Instagram,Image,18-24,Female,South America,14696,3120.0,4.71,2024-09-26,6597
C1443,3010,1109,0.7272,2.71,1013,2.97,0.9134,25,Google,Carousel,25-34,Female,Africa,86105,2889.6,29.8,2024-02-17,1525
C6593,6850,236,0.0275,29.03,48,142.71,0.2034,11,Google,Text,25-34,Female,North America,7488,6918.5,1.08,2024-12-08,8581
C7547,2620,812,0.0891,3.23,430,6.09,0.5296,29,Instagram,Text,55+,Other,Africa,26230,2489.0,10.54,2024-10-16,9113
C6634,4280,623,0.0876,6.87,331,12.93,0.5313,11,YouTube,Text,18-24,Female,Europe,42699,4365.6,9.78,2024-04-02,7111
C4626,5960,109,0.0142,54.68,20,298.0,0.1835,28,LinkedIn,Image,18-24,Other,South America,1260,6019.6,0.21,2024-04-19,7676
C7132,6540,312,0.0501,20.96,276,23.7,0.8846,20,LinkedIn,Video,45-54,Female,South America,26772,6670.8,4.01,2024-04-11,6227
C5390,9800,1029,0.4919,9.52,615,15.93,0.5977,14,Google,Text,25-34,Female,Asia,92865,9408.0,9.87,2024-04-23,2091
C6840,6510,1156,0.1698,5.63,1089,5.98,0.942,28,Google,Carousel,18-24,Other,North America,217800,6835.5,31.86,2024-03-08,6808
C1614,2990,1273,0.2963,2.35,160,18.69,0.1257,9,YouTube,Text,35-44,Other,Asia,26240,2840.5,9.24,2024-02-20,4296
C6054,3060,1192,0.9675,2.57,511,5.99,0.4287,18,Google,Text,45-54,Male,Asia,89425,3090.6,28.93,2024-08-13,1232
C8542,4820,1035,0.274,4.66,498,9.68,0.4812,22,Facebook,Image,25-34,Male,Asia,84660,4723.6,17.92,2024-07-02,3777
C2802,4470,1616,0.7841,2.77,189,23.65,0.117,15,Google,Text,45-54,Female,Africa,11529,4514.7,2.55,2024-05-07,2060
C3686,3420,355,0.0502,9.63,32,106.88,0.0901,11,Instagram,Video,25-34,Male,South America,1440,3454.2,0.42,2025-01-29,7071
C9031,5250,1387,0.1713,3.79,306,17.16,0.2206,24,YouTube,Image,45-54,Other,Africa,11934,5302.5,2.25,2024-03-29,8096
C9127,9270,790,0.1247,11.73,652,14.22,0.8253,20,Facebook,Video,35-44,Other,Europe,74980,8991.9,8.34,2024-09-12,6335
C3769,6210,512,0.0991,12.13,199,31.21,0.3887,22,LinkedIn,Text,45-54,Male,South America,38208,6334.2,6.03,2024-08-25,5166
C3775,8720,715,0.1595,12.2,423,20.61,0.5916,19,Facebook,Image,25-34,Other,Africa,57951,8807.2,6.58,2024-05-07,4482
C8123,6420,1875,0.2032,3.42,1238,5.19,0.6603,19,LinkedIn,Carousel,18-24,Female,North America,246362,6484.2,37.99,2024-06-30,9227
C6281,2300,875,0.2291,2.63,251,9.16,0.2869,24,Instagram,Text,55+,Male,Asia,15562,2323.0,6.7,2024-12-29,3819
C4443,3150,1393,0.3078,2.26,570,5.53,0.4092,11,LinkedIn,Image,35-44,Male,Asia,19950,3276.0,6.09,2024-04-28,4525
C8018,5930,64,0.0064,92.66,37,160.27,0.5781,10,Instagram,Image,45-54,Male,Africa,4884,5692.8,0.86,2024-12-19,10000
C9486,4770,1219,0.2655,3.91,590,8.08,0.484,19,LinkedIn,Image,25-34,Female,Asia,90860,4817.7,18.86,2024-04-22,4591
C9053,4670,249,0.1424,18.76,118,39.58,0.4739,17,LinkedIn,Text,35-44,Other,Europe,22656,4529.9,5.0,2024-11-13,1748
C2451,3430,50,0.0209,68.6,16,214.38,0.32,15,Facebook,Carousel,45-54,Other,Europe,656,3498.6,0.19,2024-02-15,2392
C4562,6820,1638,0.4583,4.16,1330,5.13,0.812,7,Google,Carousel,18-24,Other,Africa,93100,7092.8,13.13,2024-05-11,3574
C2122,9850,1252,0.1961,7.87,400,24.62,0.3195,27,Facebook,Image,45-54,Female,North America,38400,9751.5,3.94,2024-07-22,6384
C2836,8530,1994,0.241,4.28,1043,8.18,0.5231,22,Instagram,Carousel,45-54,Male,South America,38591,8103.5,4.76,2024-11-13,8273
C9075,5560,919,0.7936,6.05,34,163.53,0.037,21,LinkedIn,Text,35-44,Male,South America,5576,5337.6,1.04,2024-06-08,1158
C2555,5330,718,0.1254,7.42,497,10.72,0.6922,18,Google,Text,25-34,Male,South America,43239,5543.2,7.8,2025-01-05,5725
C5539,5060,971,0.2113,5.21,403,12.56,0.415,25,Instagram,Image,35-44,Other,Africa,51987,5110.6,10.17,2025-01-30,4595
C6575,4880,432,0.0523,11.3,428,11.4,0.9907,18,LinkedIn,Carousel,25-34,Other,South America,14552,4782.4,3.04,2024-05-14,8260
C4525,3150,1236,0.2179,2.55,333,9.46,0.2694,20,YouTube,Carousel,45-54,Male,South America,42624,3276.0,13.01,2024-02-22,5672
C9155,2980,1595,0.4894,1.87,778,3.83,0.4878,15,Instagram,Image,18-24,Male,Asia,49014,3009.8,16.28,2024-02-16,3259
C5279,3800,1578,0.19,2.41,1208,3.15,0.7655,22,LinkedIn,Video,35-44,Male,Africa,192072,3648.0,52.65,2024-05-22,8305
C7947,4850,1755,0.1994,2.76,65,74.62,0.037,22,Instagram,Video,55+,Male,North America,7215,4898.5,1.47,2024-04-21,8801
C7706,4500,195,0.0276,23.08,109,41.28,0.559,21,Google,Text,35-44,Female,Asia,21473,4275.0,5.02,2024-10-16,7065
C4321,8660,976,0.1211,8.87,332,26.08,0.3402,23,Facebook,Image,25-34,Other,Europe,27556,8400.2,3.28,2024-04-16,8059
C7396,3180,1526,0.2265,2.08,1011,3.15,0.6625,16,YouTube,Video,55+,Female,Europe,89979,3084.6,29.17,2024-09-20,6737
C2842,4540,984,0.1494,4.61,936,4.85,0.9512,22,YouTube,Carousel,45-54,Other,Asia,46800,4494.6,10.41,2024-08-09,6586
C9396,4820,204,0.0343,23.63,176,27.39,0.8627,16,Google,Image,25-34,Female,North America,7744,4820.0,1.61,2024-10-29,5947
C5946,8420,1985,0.833,4.24,1086,7.75,0.5471,15,LinkedIn,Image,18-24,Female,North America,99912,8841.0,11.3,2024-07-04,2382
C6327,4040,1943,0.6782,2.08,981,4.12,0.5049,7,YouTube,Image,18-24,Female,South America,155979,4080.4,38.23,2024-09-28,2864
C8089,6490,468,0.0745,13.87,415,15.64,0.8868,7,Instagram,Text,35-44,Male,North America,73455,6425.1,11.43,2024-11-11,6281
C9690,7160,938,0.1042,7.63,530,13.51,0.565,21,Facebook,Carousel,55+,Female,Asia,56710,7231.6,7.84,2025-01-01,9001
C2312,5200,1650,0.1831,3.15,1073,4.85,0.6503,10,Instagram,Image,18-24,Other,Africa,109446,5096.0,21.48,2024-12-08,9011
C5263,4540,188,0.0491,24.15,161,28.2,0.8564,14,Facebook,Text,35-44,Female,Asia,20447,4403.8,4.64,2024-07-03,3828
C9749,6900,410,0.0827,16.83,107,64.49,0.261,19,YouTube,Carousel,25-34,Male,South America,19260,7038.0,2.74,2024-09-21,4957
C9990,4590,521,0.3127,8.81,397,11.56,0.762,30,Facebook,Image,25-34,Female,South America,69872,4360.5,16.02,2024-06-12,1666
C7488,8620,1266,0.1609,6.81,943,9.14,0.7449,20,Google,Image,18-24,Other,North America,128248,8706.2,14.73,2024-11-24,7868
C5896,7530,110,0.0386,68.45,108,69.72,0.9818,15,Instagram,Image,18-24,Other,Asia,15336,7605.3,2.02,2024-05-14,2849
C1179,5180,642,0.0722,8.07,570,9.09,0.8879,9,Google,Text,18-24,Female,Asia,84360,5231.8,16.12,2024-11-19,8891
C5246,6200,1712,0.1859,3.62,1367,4.54,0.7985,24,Facebook,Text,25-34,Female,Asia,170875,5952.0,28.71,2025-01-22,9209
C8003,7140,1225,0.2091,5.83,168,42.5,0.1371,24,LinkedIn,Image,18-24,Female,North America,15792,6997.2,2.26,2024-06-19,5858
C2739,5200,84,0.018,61.9,30,173.33,0.3571,14,Instagram,Text,45-54,Female,Africa,5220,5252.0,0.99,2024-02-24,4666
C7985,9480,77,0.0238,123.12,67,141.49,0.8701,28,LinkedIn,Image,25-34,Male,North America,10988,9669.6,1.14,2024-03-07,3235
C5803,4790,1117,0.3214,4.29,673,7.12,0.6025,20,YouTube,Video,25-34,Other,Asia,29612,4694.2,6.31,2024-08-21,3475
C4848,7960,997,0.171,7.98,168,47.38,0.1685,27,LinkedIn,Image,18-24,Female,Europe,30912,7562.0,4.09,2024-12-03,5830
C7073,6030,1409,0.1547,4.28,921,6.55,0.6537,20,LinkedIn,Carousel,55+,Other,Europe,184200,6030.0,30.55,2024-11-06,9107
C3177,9090,1769,0.2635,5.14,1606,5.66,0.9079,21,LinkedIn,Image,55+,Other,Africa,276232,8817.3,31.33,2024-05-10,6713
C8683,6980,104,0.0185,67.12,45,155.11,0.4327,29,YouTube,Image,45-54,Male,Africa,2295,7329.0,0.31,2024-10-31,5621
C6119,4960,1807,0.556,2.74,47,105.53,0.026,21,LinkedIn,Image,35-44,Female,South America,8319,4860.8,1.71,2024-10-12,3249
C4126,2130,518,0.0521,4.11,32,66.56,0.0618,23,Google,Image,45-54,Other,South America,5920,2023.5,2.93,2024-11-04,9942
C7290,6070,1051,0.1978,5.78,447,13.58,0.4253,8,Google,Carousel,35-44,Male,North America,16539,6070.0,2.72,2024-09-02,5313
C4977,5300,909,0.1209,5.83,422,12.56,0.4642,29,YouTube,Image,25-34,Female,Europe,16458,5565.0,2.96,2024-04-09,7518
C7571,7530,760,0.2116,9.91,383,19.66,0.5039,27,YouTube,Image,25-34,Male,Europe,45194,7755.9,5.83,2024-03-06,3591
C9725,5860,728,0.0827,8.05,112,52.32,0.1538,9,Google,Text,35-44,Female,Asia,20272,5625.6,3.6,2024-09-02,8802
C1839,8380,677,0.0784,12.38,370,22.65,0.5465,17,LinkedIn,Image,25-34,Male,North America,44400,8296.2,5.35,2024-03-27,8635
C5814,9390,1201,0.2143,7.82,1086,8.65,0.9042,26,Google,Image,35-44,Female,North America,42354,9108.3,4.65,2024-10-27,5604
C5221,5640,1713,0.3231,3.29,272,20.74,0.1588,12,LinkedIn,Text,25-34,Other,South America,42976,5809.2,7.4,2024-12-13,5301
C1773,8620,602,0.2565,14.32,200,43.1,0.3322,15,LinkedIn,Video,45-54,Male,Africa,20000,8878.6,2.25,2024-12-14,2346
C2910,6480,1643,0.7404,3.94,615,10.54,0.3743,20,Facebook,Text,18-24,Male,North America,87330,6544.8,13.34,2024-06-24,2219
C4597,4620,1537,0.1852,3.01,83,55.66,0.054,26,Google,Carousel,45-54,Other,Europe,13363,4666.2,2.86,2024-08-21,8299
C5599,7500,208,0.0333,36.06,194,38.66,0.9327,9,Facebook,Image,45-54,Male,Europe,20564,7575.0,2.71,2024-12-16,6246
C7037,4650,840,0.4805,5.54,80,58.12,0.0952,19,Google,Text,45-54,Male,North America,9120,4650.0,1.96,2024-04-13,1748
C9467,5840,399,0.0533,14.64,185,31.57,0.4637,19,LinkedIn,Image,45-54,Female,Africa,22385,5723.2,3.91,2024-08-20,7485
C9701,7020,1976,0.1999,3.55,842,8.34,0.4261,23,Instagram,Text,45-54,Other,North America,159980,7090.2,22.56,2025-01-02,9884
C3666,8680,1258,0.1416,6.9,393,22.09,0.3124,24,Facebook,Image,35-44,Female,Europe,74277,9114.0,8.15,2024-07-21,8884
C9462,4930,967,0.349,5.1,650,7.58,0.6722,20,YouTube,Carousel,18-24,Other,North America,61100,5176.5,11.8,2024-10-31,2770
C5704,3940,1721,0.2653,2.29,1690,2.33,0.982,19,Facebook,Carousel,25-34,Other,South America,253500,4097.6,61.87,2024-03-05,6486
C1792,7830,738,0.0931,10.61,31,252.58,0.042,25,LinkedIn,Image,35-44,Female,Africa,4960,8221.5,0.6,2024-08-31,7926
C2315,3010,443,0.0619,6.79,420,7.17,0.9481,11,Google,Carousel,55+,Female,Africa,52920,2949.8,17.94,2024-09-07,7156
C6735,8250,201,0.0219,41.04,54,152.78,0.2687,10,Facebook,Carousel,25-34,Male,Africa,2916,7837.5,0.37,2024-07-03,9178
C8747,3030,1019,0.1163,2.97,999,3.03,0.9804,18,YouTube,Carousel,18-24,Other,Europe,128871,3060.3,42.11,2024-08-20,8761
C3665,9880,1653,0.2979,5.98,739,13.37,0.4471,18,Google,Carousel,18-24,Other,Africa,147061,10374.0,14.18,2024-11-02,5548
C6915,8770,925,0.1095,9.48,719,12.2,0.7773,24,YouTube,Text,18-24,Female,Africa,27322,8945.4,3.05,2024-10-26,8447
C7347,7180,1786,0.4162,4.02,818,8.78,0.458,25,Google,Carousel,25-34,Female,Africa,39264,7539.0,5.21,2024-09-25,4291
C9107,8600,490,0.0768,17.55,291,29.55,0.5939,12,LinkedIn,Carousel,18-24,Other,Africa,34338,8514.0,4.03,2024-08-30,6380
C3996,8490,931,0.1557,9.12,129,65.81,0.1386,24,Google,Video,25-34,Female,Asia,15351,8829.6,1.74,2024-04-08,5979
C8642,8870,1089,0.4692,8.15,506,17.53,0.4646,25,Instagram,Image,55+,Female,Asia,36432,9136.1,3.99,2024-04-24,2320
C5426,5660,1199,0.1398,4.72,158,35.82,0.1318,15,YouTube,Text,25-34,Female,South America,15010,5829.8,2.57,2024-05-21,8576
C1729,9960,259,0.0265,38.46,15,664.0,0.0579,8,Instagram,Video,45-54,Female,North America,2370,9960.0,0.24,2024-11-30,9773
C8156,5980,925,0.1718,6.46,920,6.5,0.9946,19,Google,Video,35-44,Other,North America,99360,6099.6,16.29,2024-04-22,5384
C8618,6930,682,0.1677,10.16,552,12.55,0.8094,14,YouTube,Carousel,25-34,Other,Europe,109296,6583.5,16.6,2024-12-03,4066
C4514,2100,841,0.1703,2.5,286,7.34,0.3401,19,LinkedIn,Text,25-34,Other,North America,25454,2163.0,11.77,2024-02-23,4938
C3583,8390,472,0.1753,17.78,471,17.81,0.9979,20,Instagram,Carousel,18-24,Male,Asia,67353,8725.6,7.72,2024-08-19,2692
C9909,6260,1944,0.9624,3.22,449,13.94,0.231,10,Google,Video,18-24,Other,Africa,75432,6322.6,11.93,2024-02-21,2019
C9506,5990,1886,0.5007,3.18,38,157.63,0.0201,27,Instagram,Image,55+,Other,South America,3192,5750.4,0.56,2025-02-09,3766
C1568,3440,1268,0.3572,2.71,863,3.99,0.6806,7,Facebook,Image,18-24,Other,Asia,25890,3336.8,7.76,2024-08-07,3549
C2988,6760,1713,0.3567,3.95,1374,4.92,0.8021,22,YouTube,Image,45-54,Other,Asia,107172,6827.6,15.7,2024-12-17,4802
C1179,8220,1831,0.3991,4.49,1002,8.2,0.5472,25,LinkedIn,Carousel,45-54,Male,Asia,121242,7891.2,15.36,2025-01-06,4587
C1926,9080,996,0.165,9.12,222,40.9,0.2229,20,Facebook,Carousel,25-34,Female,South America,13320,8716.8,1.53,2024-10-24,6036
C5567,6110,578,0.1296,10.57,358,17.07,0.6194,15,LinkedIn,Video,25-34,Other,South America,66230,5804.5,11.41,2024-09-03,4459
C2273,5760,145,0.074,39.72,46,125.22,0.3172,17,LinkedIn,Video,55+,Male,Europe,3680,5990.4,0.61,2024-06-18,1959
C3826,7590,1706,1.2665,4.45,272,27.9,0.1594,15,Instagram,Carousel,25-34,Other,Africa,53584,7741.8,6.92,2024-04-22,1347
C2366,7580,297,0.0472,25.52,259,29.27,0.8721,8,Facebook,Image,55+,Male,Europe,48433,7504.2,6.45,2024-04-18,6292
C1164,2150,1066,0.2405,2.02,541,3.97,0.5075,15,Instagram,Video,25-34,Male,South America,27591,2085.5,13.23,2024-09-29,4432
C4920,2120,1613,0.3722,1.31,941,2.25,0.5834,7,Google,Image,35-44,Male,South America,52696,2056.4,25.63,2025-02-07,4333
C2431,6260,1272,0.1528,4.92,375,16.69,0.2948,15,LinkedIn,Image,35-44,Female,South America,63750,6322.6,10.08,2024-08-11,8324
C6662,6360,1922,0.2338,3.31,350,18.17,0.1821,16,YouTube,Image,35-44,Male,Africa,19950,6232.8,3.2,2024-05-25,8220
C2429,8330,964,0.1971,8.64,950,8.77,0.9855,15,Facebook,Text,55+,Male,Asia,125400,8330.0,15.05,2024-07-18,4890
C8551,5120,1179,0.2177,4.34,616,8.31,0.5225,9,Google,Video,55+,Female,Africa,78848,5171.2,15.25,2024-05-26,5415
C8414,6200,981,0.8299,6.32,148,41.89,0.1509,20,YouTube,Text,45-54,Other,North America,16872,5890.0,2.86,2024-05-26,1182
C7440,7380,1015,0.188,7.27,704,10.48,0.6936,17,Facebook,Video,35-44,Female,North America,39424,7675.2,5.14,2024-06-21,5398
C8716,6250,371,0.0515,16.85,200,31.25,0.5391,20,LinkedIn,Text,18-24,Female,Africa,20800,6312.5,3.3,2025-01-16,7203
C5275,9220,787,0.0833,11.72,104,88.65,0.1321,15,Google,Text,18-24,Female,North America,4264,8851.2,0.48,2024-10-25,9447
C3412,9460,187,0.039,50.59,70,135.14,0.3743,18,LinkedIn,Carousel,18-24,Female,North America,7420,9838.4,0.75,2024-06-19,4794
C5670,6300,511,0.0779,12.33,410,15.37,0.8023,10,YouTube,Text,45-54,Male,Asia,19680,6174.0,3.19,2024-05-18,6559
C7395,7680,1531,0.2582,5.02,566,13.57,0.3697,20,YouTube,Text,35-44,Male,Africa,49242,7526.4,6.54,2024-12-28,5929
C2731,3640,432,0.0678,8.43,119,30.59,0.2755,24,Instagram,Carousel,55+,Female,Asia,13566,3494.4,3.88,2024-04-02,6371
C6433,7380,1788,0.4158,4.13,43,171.63,0.024,28,YouTube,Text,25-34,Male,North America,6794,7453.8,0.91,2024-08-23,4300
C8255,3440,137,0.0199,25.11,72,47.78,0.5255,27,Facebook,Text,45-54,Female,Asia,8064,3612.0,2.23,2025-01-28,6884
C1268,7760,485,0.2418,16.0,312,24.87,0.6433,20,Instagram,Video,55+,Female,South America,24024,7992.8,3.01,2024-11-22,2005
C5077,8930,1732,0.3702,5.16,244,36.6,0.1409,21,Facebook,Video,55+,Female,North America,30256,8572.8,3.53,2024-02-16,4678
C4648,9470,1397,0.2902,6.78,1289,7.35,0.9227,30,Google,Image,18-24,Male,Asia,250066,9470.0,26.41,2024-04-29,4813
C2466,2180,272,0.0774,8.01,169,12.9,0.6213,24,Instagram,Text,25-34,Other,Europe,10985,2092.8,5.25,2024-10-11,3514
C6212,2220,292,0.0856,7.6,113,19.65,0.387,18,LinkedIn,Carousel,45-54,Other,Europe,15707,2242.2,7.01,2024-11-19,3411
C9010,4940,1190,0.1878,4.15,901,5.48,0.7571,9,YouTube,Video,45-54,Other,North America,109922,5137.6,21.4,2024-03-24,6336
C5106,7730,1763,0.1908,4.38,899,8.6,0.5099,12,LinkedIn,Carousel,18-24,Male,Africa,35960,7498.1,4.8,2024-06-09,9240
C3994,7590,676,0.2502,11.23,64,118.59,0.0947,14,YouTube,Image,18-24,Female,South America,5632,7969.5,0.71,2024-08-07,2701
C6538,6880,541,0.078,12.72,504,13.65,0.9316,17,LinkedIn,Video,45-54,Male,Asia,74592,6742.4,11.06,2024-10-30,6935
C2696,4010,421,0.0797,9.52,407,9.85,0.9667,16,YouTube,Text,55+,Male,Africa,39479,4130.3,9.56,2024-06-28,5282
C2662,7540,901,0.174,8.37,24,314.17,0.0266,16,YouTube,Image,45-54,Male,South America,2400,7690.8,0.31,2024-10-14,5178
C4282,5350,1110,0.8333,4.82,550,9.73,0.4955,26,LinkedIn,Video,18-24,Male,Europe,50600,5136.0,9.85,2024-06-19,1332
C3968,7540,1992,0.2542,3.79,1285,5.87,0.6451,30,Facebook,Text,25-34,Female,North America,223590,7389.2,30.26,2025-01-21,7836
C2176,2050,578,0.0831,3.55,321,6.39,0.5554,19,Instagram,Text,55+,Female,Africa,37236,1968.0,18.92,2025-01-26,6955
C6493,5640,1202,0.2997,4.69,1045,5.4,0.8694,18,Google,Carousel,35-44,Female,South America,199595,5640.0,35.39,2024-08-25,4010
C1526,2370,1176,0.1668,2.02,908,2.61,0.7721,27,LinkedIn,Carousel,35-44,Male,North America,83536,2441.1,34.22,2024-04-21,7050
C5357,7650,209,0.0249,36.6,33,231.82,0.1579,11,Google,Video,45-54,Female,Asia,4851,7420.5,0.65,2024-03-04,8393
C7147,9670,1548,0.197,6.25,368,26.28,0.2377,21,Facebook,Carousel,55+,Other,Asia,72864,9186.5,7.93,2024-08-08,7857
C1755,7350,595,0.0749,12.35,413,17.8,0.6941,29,Instagram,Carousel,35-44,Other,Africa,58233,7203.0,8.08,2024-12-11,7943
C5315,7820,1902,0.2032,4.11,355,22.03,0.1866,13,LinkedIn,Image,55+,Other,Africa,42955,7585.4,5.66,2024-05-10,9360
C1955,3640,364,0.0795,10.0,325,11.2,0.8929,19,LinkedIn,Image,55+,Male,Asia,33800,3494.4,9.67,2024-06-15,4578
C2099,9920,1498,0.4889,6.62,598,16.59,0.3992,11,Facebook,Text,45-54,Other,South America,99268,9920.0,10.01,2024-12-22,3064
C9787,5050,1300,0.1532,3.88,585,8.63,0.45,8,Instagram,Carousel,25-34,Other,South America,111735,5201.5,21.48,2024-04-07,8485
C9991,8440,1598,0.1716,5.28,423,19.95,0.2647,10,Facebook,Video,55+,Other,Europe,69372,8524.4,8.14,2024-03-26,9312
C1249,7220,1447,0.3421,4.99,176,41.02,0.1216,21,Instagram,Video,35-44,Male,Africa,13728,6931.2,1.98,2024-08-30,4229
C3289,5430,438,0.0575,12.4,289,18.79,0.6598,22,Instagram,Video,45-54,Male,Europe,49708,5212.8,9.54,2024-06-23,7617
C3249,7740,1770,0.9214,4.37,619,12.5,0.3497,25,LinkedIn,Carousel,45-54,Other,Europe,34045,7430.4,4.58,2024-07-16,1920
C6980,6090,509,0.113,11.96,142,42.89,0.279,9,Facebook,Text,45-54,Male,South America,13774,6394.5,2.15,2024-08-10,4504
C2751,2390,571,0.1271,4.19,61,39.18,0.1068,23,YouTube,Carousel,18-24,Male,Africa,3477,2366.1,1.47,2024-03-11,4492
C6646,8900,1585,0.6915,5.62,1065,8.36,0.6719,28,YouTube,Carousel,25-34,Other,Asia,208740,8900.0,23.45,2024-09-22,2292
C2838,2080,1653,0.6981,1.26,166,12.53,0.1004,14,Facebook,Text,35-44,Other,South America,31706,2100.8,15.09,2024-04-13,2367
C1202,4960,1847,0.4136,2.69,1270,3.91,0.6876,27,Google,Carousel,55+,Other,Africa,67310,5009.6,13.44,2024-10-04,4465
C6554,4270,1318,0.5422,3.24,1225,3.49,0.9294,11,Facebook,Image,45-54,Male,South America,180075,4355.4,41.35,2024-11-09,2430
C6282,4160,1619,0.355,2.57,253,16.44,0.1563,13,Instagram,Image,35-44,Female,Africa,50600,4160.0,12.16,2024-07-05,4560
C3287,5350,822,0.1814,6.51,759,7.05,0.9234,26,YouTube,Text,45-54,Male,Asia,115368,5243.0,22.0,2024-03-12,4531
C3336,9310,613,0.0633,15.19,552,16.87,0.9005,13,YouTube,Carousel,18-24,Other,Asia,105984,9030.7,11.74,2024-07-31,9684
C2203,8220,1234,0.2241,6.66,281,29.25,0.2277,10,YouTube,Text,45-54,Male,North America,22761,8548.8,2.66,2025-01-27,5506
C5305,2510,1038,0.1915,2.42,816,3.08,0.7861,29,Instagram,Video,25-34,Other,South America,121584,2510.0,48.44,2024-10-08,5420
C5375,5350,1756,0.5388,3.05,624,8.57,0.3554,22,Instagram,Video,25-34,Male,Asia,28080,5510.5,5.1,2024-02-22,3259
C6556,4380,1689,0.329,2.59,543,8.07,0.3215,18,Google,Image,35-44,Female,South America,86880,4292.4,20.24,2024-06-09,5133
C5378,9670,644,0.0685,15.02,335,28.87,0.5202,16,Instagram,Carousel,55+,Male,South America,35510,9379.9,3.79,2024-05-25,9401
C8714,6760,1000,0.3929,6.76,452,14.96,0.452,13,YouTube,Carousel,55+,Female,South America,13560,6557.2,2.07,2024-05-13,2545
C2782,2150,333,0.0922,6.46,313,6.87,0.9399,18,Instagram,Text,35-44,Other,Africa,36621,2064.0,17.74,2024-03-06,3611
C1809,3980,574,0.1132,6.93,96,41.46,0.1672,22,LinkedIn,Image,55+,Other,South America,15168,4139.2,3.66,2024-02-14,5070
C5763,8430,1685,0.3692,5.0,902,9.35,0.5353,7,LinkedIn,Carousel,18-24,Other,Asia,62238,8261.4,7.53,2024-05-22,4563
C6911,4150,472,0.1196,8.79,225,18.44,0.4767,7,Facebook,Video,45-54,Male,Asia,27450,4274.5,6.42,2024-10-18,3946
C4570,4530,467,0.282,9.7,44,102.95,0.0942,9,YouTube,Carousel,45-54,Other,South America,6556,4394.1,1.49,2024-02-25,1656
C8939,3640,199,0.0356,18.29,127,28.66,0.6382,14,Facebook,Image,35-44,Male,South America,4445,3530.8,1.26,2024-10-29,5589
C9017,9430,1906,0.3258,4.95,798,11.82,0.4187,22,YouTube,Video,18-24,Other,North America,75012,9807.2,7.65,2024-05-11,5850
C3559,6920,1450,0.671,4.77,1115,6.21,0.769,26,Facebook,Video,35-44,Male,Europe,81395,6850.8,11.88,2024-12-17,2160
C2586,8550,619,0.0797,13.81,89,96.07,0.1438,20,LinkedIn,Video,25-34,Other,South America,8277,8464.5,0.98,2024-07-17,7766
C8329,3580,1171,0.6761,3.06,699,5.12,0.5969,27,LinkedIn,Image,55+,Male,North America,51027,3580.0,14.25,2024-03-07,1731
C2140,3960,1307,0.2528,3.03,1041,3.8,0.7965,26,LinkedIn,Image,45-54,Male,Europe,200913,3841.2,52.3,2024-03-23,5170
C3666,6110,1969,0.3327,3.1,557,10.97,0.2829,25,LinkedIn,Text,35-44,Male,North America,90234,6415.5,14.06,2024-10-25,5918
C5211,4160,352,0.0619,11.82,44,94.55,0.125,27,Instagram,Image,45-54,Female,Africa,3784,4201.6,0.9,2024-11-02,5686
C3270,2320,1096,0.6841,2.12,914,2.54,0.8339,13,Google,Image,35-44,Male,North America,77690,2250.4,34.52,2024-02-21,1602
C7625,7680,1684,0.2532,4.56,321,23.93,0.1906,24,YouTube,Image,55+,Female,Africa,35310,7910.4,4.46,2025-01-03,6650
C4187,7960,453,0.1515,17.57,343,23.21,0.7572,8,Facebook,Video,25-34,Other,North America,41160,8358.0,4.92,2024-03-19,2990
C1613,6150,681,0.1637,9.03,314,19.59,0.4611,18,Instagram,Text,18-24,Other,Asia,27632,5842.5,4.73,2024-04-24,4160
C7767,8580,1797,0.2305,4.77,258,33.26,0.1436,17,YouTube,Video,35-44,Male,South America,38700,8837.4,4.38,2024-11-14,7796
C4627,3600,1263,0.2753,2.85,920,3.91,0.7284,9,LinkedIn,Text,55+,Female,Asia,103960,3672.0,28.31,2024-04-21,4587
C5910,7160,293,0.2169,24.44,291,24.6,0.9932,17,LinkedIn,Video,55+,Other,Asia,49179,7374.8,6.67,2024-04-23,1350
C2193,7990,219,0.0355,36.48,214,37.34,0.9772,8,YouTube,Image,25-34,Female,South America,28034,7910.1,3.54,2024-08-01,6169
C3002,7530,696,0.131,10.82,292,25.79,0.4195,30,LinkedIn,Text,25-34,Female,Europe,19856,7379.4,2.69,2024-10-29,5312
C1714,3890,72,0.017,54.03,62,62.74,0.8611,15,LinkedIn,Carousel,18-24,Male,North America,9114,3773.3,2.42,2025-01-16,4235
C3181,2290,1707,0.8242,1.34,1372,1.67,0.8037,10,YouTube,Image,25-34,Other,Asia,223636,2381.6,93.9,2024-02-26,2071
C3848,8440,607,0.1262,13.9,407,20.74,0.6705,22,YouTube,Video,55+,Other,Asia,32560,8440.0,3.86,2024-06-29,4809
C3617,9460,654,0.1244,14.46,177,53.45,0.2706,25,Facebook,Image,25-34,Female,Europe,22656,9838.4,2.3,2024-09-29,5257
C3628,8500,1283,0.4722,6.63,486,17.49,0.3788,18,YouTube,Image,45-54,Male,Asia,39366,8160.0,4.82,2024-09-13,2717
C5194,9170,842,0.5946,10.89,776,11.82,0.9216,24,Google,Text,25-34,Other,Asia,97000,9078.3,10.68,2025-02-03,1416
C6303,5130,795,0.1424,6.45,732,7.01,0.9208,19,Instagram,Video,45-54,Other,Africa,125904,4924.8,25.57,2024-02-17,5582
C9923,2280,1262,0.4507,1.81,1048,2.18,0.8304,8,YouTube,Carousel,35-44,Female,Asia,143576,2280.0,62.97,2024-04-23,2800
C7305,2530,452,0.0932,5.6,433,5.84,0.958,25,Instagram,Carousel,18-24,Female,Europe,52826,2454.1,21.53,2024-05-09,4849
C5101,2950,1392,0.8561,2.12,811,3.64,0.5826,29,Instagram,Text,18-24,Female,North America,90021,2891.0,31.14,2024-05-01,1625
C5380,3340,1333,0.5452,2.51,35,95.43,0.0263,26,LinkedIn,Text,25-34,Female,Asia,5985,3306.6,1.81,2024-02-29,2444
C3881,3440,68,0.0091,50.59,47,73.19,0.6912,25,Instagram,Text,18-24,Other,North America,1833,3405.6,0.54,2024-02-29,7472
C9517,9290,1266,0.6349,7.34,612,15.18,0.4834,20,Google,Text,55+,Other,Africa,94860,8825.5,10.75,2024-05-06,1994
C9729,7620,1704,0.351,4.47,385,19.79,0.2259,23,LinkedIn,Text,25-34,Male,Africa,27335,7696.2,3.55,2024-09-08,4854
C1166,6090,652,0.1578,9.34,13,468.46,0.0199,17,Facebook,Text,25-34,Female,South America,1170,6090.0,0.19,2024-06-17,4131
C2125,6060,515,0.0824,11.77,71,85.35,0.1379,14,Facebook,Image,18-24,Male,Africa,12851,5757.0,2.23,2024-08-14,6250
C1322,6520,1798,0.3926,3.63,1391,4.69,0.7736,11,Facebook,Image,25-34,Male,North America,141882,6780.8,20.92,2024-04-26,4579
C2527,6750,682,0.1256,9.9,451,14.97,0.6613,10,Instagram,Image,45-54,Male,Africa,16687,6817.5,2.45,2024-03-08,5429
C3307,4270,83,0.0662,51.45,43,99.3,0.5181,23,Google,Carousel,25-34,Female,Europe,4859,4312.7,1.13,2024-02-21,1253
C7981,9140,788,0.1477,11.6,167,54.73,0.2119,13,Facebook,Carousel,18-24,Male,Africa,17368,9414.2,1.84,2024-04-22,5335
C9712,7900,593,0.1857,13.32,120,65.83,0.2024,10,YouTube,Image,35-44,Other,North America,5640,8216.0,0.69,2024-07-20,3193
C2659,9790,1658,0.9793,5.9,833,11.75,0.5024,10,LinkedIn,Text,55+,Female,North America,161602,10279.5,15.72,2024-09-07,1693
C1416,7770,206,0.0261,37.72,192,40.47,0.932,12,Instagram,Carousel,45-54,Other,North America,13632,7536.9,1.81,2024-09-29,7892
C7312,4300,373,0.0814,11.53,249,17.27,0.6676,10,Facebook,Video,55+,Other,Europe,29880,4085.0,7.31,2024-09-15,4582
C4863,5420,156,0.018,34.74,30,180.67,0.1923,29,Instagram,Video,18-24,Other,Africa,5880,5311.6,1.11,2025-01-05,8666
C5915,7140,1346,0.1769,5.3,854,8.36,0.6345,17,LinkedIn,Image,18-24,Male,Europe,43554,6783.0,6.42,2025-01-01,7608
C2755,6430,803,0.0987,8.01,300,21.43,0.3736,12,Google,Video,45-54,Male,South America,60000,6301.4,9.52,2024-02-23,8135
C3274,4190,143,0.0174,29.3,15,279.33,0.1049,26,Facebook,Text,25-34,Female,North America,1485,4273.8,0.35,2024-07-29,8218
C9336,8920,877,0.1751,10.17,659,13.54,0.7514,29,Facebook,Video,35-44,Other,North America,83693,8741.6,9.57,2024-02-19,5008
C7706,8280,301,0.2155,27.51,137,60.44,0.4551,14,Facebook,Image,18-24,Other,North America,6713,8445.6,0.79,2024-02-23,1396
C5506,9120,73,0.0087,124.93,71,128.45,0.9726,13,Google,Video,18-24,Other,Europe,7739,8664.0,0.89,2024-08-17,8390
C9504,8420,1632,0.2896,5.16,565,14.9,0.3462,16,Google,Video,25-34,Male,Africa,79100,8672.6,9.12,2024-03-23,5635
C7424,9830,907,0.277,10.84,761,12.92,0.839,16,YouTube,Image,45-54,Male,Europe,110345,9338.5,11.82,2024-11-10,3274
C3850,4470,393,0.0607,11.37,372,12.02,0.9466,28,YouTube,Text,35-44,Other,Asia,41292,4470.0,9.24,2024-03-13,6474
C2037,7260,376,0.0386,19.31,281,25.84,0.7473,23,Facebook,Video,18-24,Male,South America,50580,7405.2,6.83,2024-08-22,9740
C3898,6920,919,0.1401,7.53,538,12.86,0.5854,11,Facebook,Video,18-24,Other,Europe,98992,7196.8,13.76,2024-04-13,6559
C8132,7730,617,0.0826,12.53,487,15.87,0.7893,21,Instagram,Carousel,45-54,Female,North America,45291,7575.4,5.98,2024-11-08,7469
C6970,2320,1150,0.1631,2.02,626,3.71,0.5443,13,Google,Image,25-34,Female,North America,71364,2412.8,29.58,2024-08-28,7050
C1346,9680,1908,0.2538,5.07,1276,7.59,0.6688,21,Facebook,Text,25-34,Other,Asia,81664,9486.4,8.61,2024-08-26,7517
C4931,3620,1212,0.1299,2.99,943,3.84,0.7781,16,LinkedIn,Text,35-44,Other,Europe,62238,3656.2,17.02,2025-01-25,9330
C7542,5450,1763,0.1996,3.09,1006,5.42,0.5706,29,Google,Text,45-54,Male,Asia,140840,5395.5,26.1,2024-04-02,8832
C9122,2830,1522,0.1729,1.86,818,3.46,0.5375,20,YouTube,Video,25-34,Other,South America,141514,2971.5,47.62,2025-02-06,8802
C9824,4120,506,0.3452,8.14,158,26.08,0.3123,30,YouTube,Video,18-24,Other,South America,21646,4243.6,5.1,2024-12-11,1465
C7655,3940,899,0.1384,4.38,864,4.56,0.9611,29,Google,Text,18-24,Female,Asia,47520,4137.0,11.49,2024-10-03,6495
C4386,4640,1763,1.0463,2.63,238,19.5,0.135,27,LinkedIn,Text,55+,Other,North America,28798,4547.2,6.33,2024-06-05,1684
C6062,3080,1435,0.4814,2.15,1257,2.45,0.876,10,Facebook,Video,18-24,Other,Europe,248886,2987.6,83.31,2024-04-26,2980
C1696,9870,121,0.0135,81.57,47,210.0,0.3884,20,LinkedIn,Text,35-44,Female,Africa,6439,9968.7,0.65,2024-06-24,8962
C6702,2770,204,0.0296,13.58,93,29.78,0.4559,8,Google,Video,55+,Other,North America,4278,2880.8,1.49,2024-11-01,6891
C9503,5380,1970,0.2074,2.73,954,5.64,0.4843,17,Google,Carousel,18-24,Other,Africa,74412,5272.4,14.11,2024-12-04,9498
C4579,7460,1720,1.7183,4.34,749,9.96,0.4355,24,Google,Text,45-54,Male,Asia,36701,7833.0,4.69,2024-03-28,1000
C6148,3750,340,0.2484,11.03,304,12.34,0.8941,14,YouTube,Video,45-54,Male,South America,49552,3637.5,13.62,2024-12-26,1368
C5460,4860,1025,0.1701,4.74,166,29.28,0.162,14,Facebook,Text,55+,Male,Europe,27888,4860.0,5.74,2024-05-18,6025
C5405,3970,228,0.0443,17.41,142,27.96,0.6228,24,Instagram,Carousel,18-24,Female,North America,13774,3850.9,3.58,2024-11-07,5146
C7002,8010,1321,0.4913,6.06,627,12.78,0.4746,30,Facebook,Video,35-44,Female,Asia,100947,8330.4,12.12,2024-05-16,2688
C8749,4320,448,0.055,9.64,233,18.54,0.5201,22,YouTube,Video,25-34,Male,Africa,15145,4320.0,3.51,2024-09-09,8145
C1159,7120,1240,0.2158,5.74,648,10.99,0.5226,24,YouTube,Text,18-24,Female,Africa,31104,7404.8,4.2,2024-10-20,5746
C3330,5340,1364,0.1475,3.91,1323,4.04,0.9699,14,Facebook,Text,45-54,Male,Asia,218295,5340.0,40.88,2024-09-01,9247
C3773,9740,401,0.0407,24.29,322,30.25,0.803,23,LinkedIn,Video,45-54,Female,Asia,13524,10227.0,1.32,2024-05-17,9852
C7803,2950,775,0.1823,3.81,245,12.04,0.3161,27,LinkedIn,Video,35-44,Other,Europe,37240,2979.5,12.5,2024-09-01,4251
C2258,9350,1936,0.4211,4.83,1503,6.22,0.7763,26,Google,Video,35-44,Male,Europe,129258,9069.5,14.25,2025-01-12,4597
C6999,5400,1824,0.8736,2.96,898,6.01,0.4923,23,YouTube,Image,45-54,Other,Europe,124822,5184.0,24.08,2024-09-13,2087
C4133,3060,1142,0.1352,2.68,858,3.57,0.7513,23,LinkedIn,Image,35-44,Other,North America,94380,2907.0,32.47,2025-01-29,8446
C4395,8860,228,0.026,38.86,131,67.63,0.5746,15,YouTube,Video,45-54,Other,Africa,9694,8948.6,1.08,2024-06-22,8769
C5301,4420,976,0.3232,4.53,225,19.64,0.2305,20,Facebook,Carousel,25-34,Male,North America,43200,4420.0,9.77,2024-08-26,3019
C8608,4230,1419,0.2083,2.98,1356,3.12,0.9556,12,YouTube,Carousel,25-34,Other,Asia,178992,4356.9,41.08,2024-10-07,6812
C2080,9490,555,0.1774,17.1,21,451.9,0.0378,12,Instagram,Image,55+,Other,Africa,1953,9869.6,0.2,2024-10-22,3128
C4466,6710,1477,0.3872,4.54,1001,6.7,0.6777,22,LinkedIn,Image,18-24,Male,Africa,87087,6844.2,12.72,2024-05-13,3814
C5467,2290,1227,0.1705,1.87,500,4.58,0.4075,28,Google,Carousel,45-54,Male,Asia,24500,2404.5,10.19,2024-05-20,7196
C8284,9860,1494,0.2037,6.6,749,13.16,0.5013,27,Google,Image,25-34,Female,Europe,131075,9860.0,13.29,2024-02-11,7334
C4909,8120,1580,0.3446,5.14,30,270.67,0.019,27,LinkedIn,Text,25-34,Male,South America,2490,7795.2,0.32,2024-04-07,4585
C6513,5630,1788,0.1933,3.15,1196,4.71,0.6689,16,YouTube,Text,35-44,Other,Europe,232024,5686.3,40.8,2024-12-15,9249
C7199,6590,1888,0.2803,3.49,723,9.11,0.3829,8,Google,Carousel,45-54,Male,Africa,73746,6260.5,11.78,2024-04-19,6735
C5781,4790,999,0.2408,4.79,417,11.49,0.4174,28,LinkedIn,Image,55+,Female,North America,80481,4981.6,16.16,2024-12-30,4148
C4414,8220,1629,1.0376,5.05,321,25.61,0.1971,9,Google,Text,45-54,Male,Asia,40446,8384.4,4.82,2024-03-17,1569
C8092,4310,689,0.1186,6.26,576,7.48,0.836,30,YouTube,Image,55+,Other,North America,46080,4137.6,11.14,2025-01-07,5809
C3515,3990,1876,0.3705,2.13,1474,2.71,0.7857,12,Facebook,Video,45-54,Other,Europe,241736,4029.9,59.99,2024-07-15,5063
C1302,8000,952,0.3066,8.4,610,13.11,0.6408,18,LinkedIn,Image,18-24,Other,Europe,97600,8080.0,12.08,2024-06-30,3105
C3038,8610,844,0.1056,10.2,65,132.46,0.077,14,Instagram,Video,18-24,Male,Africa,10855,8351.7,1.3,2024-08-09,7992
C1172,9560,1347,0.2986,7.1,320,29.88,0.2376,18,LinkedIn,Carousel,35-44,Male,Asia,29760,9368.8,3.18,2024-05-23,4511
C4068,3420,546,0.0574,6.26,312,10.96,0.5714,12,LinkedIn,Carousel,25-34,Male,South America,19344,3420.0,5.66,2024-07-14,9512
C9608,2960,1676,0.1995,1.77,251,11.79,0.1498,15,LinkedIn,Image,45-54,Other,South America,47188,2989.6,15.78,2024-09-02,8401
C5732,2910,673,0.1908,4.32,657,4.43,0.9762,25,YouTube,Text,25-34,Male,Africa,30879,2851.8,10.83,2024-06-02,3527
C3443,8680,1857,0.363,4.67,1752,4.95,0.9435,17,Facebook,Video,45-54,Male,South America,129648,9114.0,14.23,2024-11-10,5115
C5953,9000,1338,0.2519,6.73,877,10.26,0.6555,29,Facebook,Image,35-44,Other,Asia,31572,9360.0,3.37,2024-09-03,5311
C6631,9410,1915,0.2125,4.91,1209,7.78,0.6313,28,Google,Image,45-54,Other,Europe,163215,9033.6,18.07,2024-03-17,9011
C7633,2940,1192,0.1921,2.47,681,4.32,0.5713,12,Facebook,Image,45-54,Female,South America,82401,2793.0,29.5,2024-08-23,6205
C5159,4350,724,0.0944,6.01,114,38.16,0.1575,10,Instagram,Video,18-24,Male,North America,14250,4567.5,3.12,2024-03-17,7669
C9450,2970,1937,0.2312,1.53,847,3.51,0.4373,16,LinkedIn,Text,18-24,Other,South America,69454,3118.5,22.27,2024-09-27,8378
C3621,6180,905,0.1009,6.83,369,16.75,0.4077,11,LinkedIn,Video,25-34,Other,North America,46125,6303.6,7.32,2024-10-31,8969
C3313,5360,857,0.7388,6.25,509,10.53,0.5939,17,Instagram,Carousel,45-54,Other,Africa,86530,5252.8,16.47,2024-07-26,1159
C2304,8380,1321,0.2309,6.34,787,10.65,0.5958,21,Facebook,Video,55+,Female,North America,110180,8463.8,13.02,2024-04-02,5721
C1496,3620,314,0.0371,11.53,238,15.21,0.758,16,Instagram,Video,35-44,Other,North America,21420,3692.4,5.8,2024-04-13,8463
C5301,8220,1562,0.2432,5.26,1366,6.02,0.8745,9,Instagram,Video,55+,Male,South America,132502,7973.4,16.62,2024-07-28,6422
C6000,7460,692,0.0731,10.78,553,13.49,0.7991,18,Instagram,Carousel,18-24,Female,North America,74102,7236.2,10.24,2024-05-30,9466
C4513,2270,1083,0.36,2.1,672,3.38,0.6205,7,Google,Text,35-44,Female,Africa,60480,2360.8,25.62,2024-05-18,3008
C9316,3980,1707,0.5331,2.33,1675,2.38,0.9813,21,YouTube,Video,35-44,Female,Africa,108875,4139.2,26.3,2024-12-01,3202
C9282,4220,386,0.1051,10.93,28,150.71,0.0725,18,Instagram,Carousel,55+,Female,Asia,1736,4220.0,0.41,2024-02-22,3672
C2129,2140,428,0.2129,5.0,47,45.53,0.1098,27,LinkedIn,Video,55+,Female,Asia,6486,2054.4,3.16,2024-04-02,2010
C8897,2540,1546,0.1954,1.64,339,7.49,0.2193,11,YouTube,Text,45-54,Other,South America,18645,2514.6,7.41,2024-02-17,7911
C6985,4760,1175,0.1654,4.05,124,38.39,0.1055,20,Facebook,Image,45-54,Other,Africa,12648,4760.0,2.66,2025-01-18,7103
C9929,9260,781,0.0837,11.86,391,23.68,0.5006,10,Google,Text,25-34,Other,Europe,15640,9352.6,1.67,2024-03-31,9330
C7271,7140,1989,1.1477,3.59,121,59.01,0.0608,19,Facebook,Carousel,45-54,Other,Asia,12705,6854.4,1.85,2024-08-17,1733
C1337,3900,274,0.0567,14.23,67,58.21,0.2445,17,Google,Image,25-34,Female,Asia,5360,3783.0,1.42,2025-01-03,4832
C7277,2220,822,0.1075,2.7,685,3.24,0.8333,21,Instagram,Carousel,35-44,Other,Europe,56855,2220.0,25.61,2024-02-20,7646
C4867,7890,1692,0.2423,4.66,1002,7.87,0.5922,26,Facebook,Image,55+,Other,South America,190380,7890.0,24.13,2024-11-13,6983
C1530,8300,1784,0.1886,4.65,1495,5.55,0.838,24,YouTube,Carousel,25-34,Male,North America,198835,8466.0,23.49,2024-10-12,9459
C3244,8720,1076,0.3021,8.1,1055,8.27,0.9805,9,Facebook,Image,18-24,Male,South America,200450,8720.0,22.99,2024-11-12,3561
C9116,6960,1937,0.2914,3.59,1264,5.51,0.6526,22,YouTube,Video,18-24,Female,Africa,44240,7168.8,6.17,2024-11-29,6647
C4858,8110,811,0.291,10.0,471,17.22,0.5808,15,Google,Text,55+,Male,South America,44745,8353.3,5.36,2025-01-25,2786
C9627,6950,1466,0.2378,4.74,264,26.33,0.1801,22,YouTube,Text,18-24,Other,South America,12144,7089.0,1.71,2024-04-06,6164
C4595,4540,1797,0.2351,2.53,1135,4.0,0.6316,26,Google,Text,55+,Male,South America,143010,4403.8,32.47,2024-10-11,7643
C3279,6780,567,0.1181,11.96,553,12.26,0.9753,27,Google,Image,45-54,Other,Europe,48664,6983.4,6.97,2024-06-29,4801
C4107,8580,182,0.032,47.14,130,66.0,0.7143,11,LinkedIn,Carousel,25-34,Female,Europe,12480,8665.8,1.44,2024-07-23,5687
C5074,4060,146,0.0285,27.81,88,46.14,0.6027,27,Instagram,Text,25-34,Male,Europe,15312,4019.4,3.81,2024-10-20,5122
C9572,8940,1995,0.4019,4.48,1469,6.09,0.7363,7,Google,Carousel,45-54,Female,Asia,89609,8671.8,10.33,2024-09-19,4963
C5777,3480,543,0.1302,6.41,384,9.06,0.7072,19,Google,Carousel,35-44,Male,South America,15360,3584.4,4.29,2024-04-18,4170
C3335,4570,1072,0.1265,4.26,496,9.21,0.4627,12,LinkedIn,Image,18-24,Other,Africa,86304,4661.4,18.51,2025-01-18,8474
C8084,9400,734,0.5239,12.81,279,33.69,0.3801,7,LinkedIn,Text,18-24,Other,Europe,11997,9212.0,1.3,2024-02-14,1401
C6713,7830,1051,0.1107,7.45,709,11.04,0.6746,29,Google,Text,18-24,Male,South America,128329,8143.2,15.76,2024-05-09,9494
C9375,4700,1883,0.2638,2.5,202,23.27,0.1073,29,Facebook,Text,18-24,Male,Africa,10908,4559.0,2.39,2025-01-03,7137
C7232,4360,1766,0.3298,2.47,17,256.47,0.0096,12,Google,Video,25-34,Other,South America,765,4578.0,0.17,2024-09-19,5354
C7210,7880,310,0.0453,25.42,203,38.82,0.6548,13,LinkedIn,Video,55+,Male,Europe,8323,7958.8,1.05,2024-10-14,6843
C9495,5890,841,0.1731,7.0,506,11.64,0.6017,15,Google,Image,25-34,Other,Europe,34408,5713.3,6.02,2024-06-07,4858
C4588,3420,1001,0.1485,3.42,366,9.34,0.3656,20,YouTube,Text,25-34,Female,Africa,49410,3556.8,13.89,2024-07-14,6740
C5788,7840,465,0.1949,16.86,121,64.79,0.2602,13,Facebook,Carousel,18-24,Female,Europe,22506,7604.8,2.96,2024-04-02,2385
C1941,5250,50,0.0061,105.0,37,141.89,0.74,21,YouTube,Image,55+,Female,South America,5476,5302.5,1.03,2024-12-06,8196
C8697,3310,1432,0.2642,2.31,584,5.67,0.4078,17,YouTube,Text,35-44,Female,Europe,89936,3243.8,27.73,2024-08-08,5420
C6716,8830,1303,0.1452,6.78,941,9.38,0.7222,15,LinkedIn,Image,18-24,Female,Asia,122330,8388.5,14.58,2024-10-12,8973
C4176,5920,1362,0.3036,4.35,111,53.33,0.0815,16,Google,Carousel,55+,Female,North America,14208,5979.2,2.38,2024-09-25,4486
C9240,2720,1253,0.2487,2.17,865,3.14,0.6903,21,Facebook,Carousel,35-44,Other,South America,55360,2747.2,20.15,2024-11-20,5038
C5548,3750,1466,0.164,2.56,850,4.41,0.5798,22,YouTube,Image,45-54,Male,North America,117300,3562.5,32.93,2024-09-01,8939
C7090,3340,654,0.2195,5.11,511,6.54,0.7813,19,Instagram,Video,35-44,Female,Africa,57232,3239.8,17.67,2024-07-07,2979
C2877,9280,1877,1.2017,4.94,1476,6.29,0.7864,27,LinkedIn,Image,18-24,Female,South America,123984,9651.2,12.85,2024-05-10,1561
C1768,2180,660,0.3307,3.3,21,103.81,0.0318,11,Google,Text,45-54,Female,Europe,3150,2071.0,1.52,2025-01-21,1995
C3904,7310,1907,1.1614,3.83,844,8.66,0.4426,8,Google,Carousel,35-44,Female,Europe,59080,7310.0,8.08,2024-06-05,1641
C6315,9540,441,0.0927,21.63,335,28.48,0.7596,7,YouTube,Video,55+,Male,Asia,61975,9063.0,6.84,2024-10-21,4757
C1205,2030,809,0.0826,2.51,105,19.33,0.1298,27,Facebook,Video,35-44,Female,South America,10080,2131.5,4.73,2024-03-15,9794
C3516,8740,1264,0.1546,6.91,734,11.91,0.5807,21,LinkedIn,Video,35-44,Other,South America,27892,8303.0,3.36,2024-09-06,8175
C2591,9970,452,0.0843,22.06,257,38.79,0.5686,15,Facebook,Carousel,18-24,Female,North America,29041,10468.5,2.77,2025-01-07,5361
C6317,7700,545,0.0627,14.13,421,18.29,0.7725,27,Instagram,Carousel,55+,Male,Africa,72833,7931.0,9.18,2024-04-21,8692
C4872,8280,1790,0.3517,4.63,806,10.27,0.4503,22,Google,Image,18-24,Female,Asia,108004,8197.2,13.18,2024-08-26,5089
C4193,6630,689,0.1552,9.62,584,11.35,0.8476,28,Google,Text,18-24,Female,Africa,30952,6364.8,4.86,2024-09-22,4439
C6242,9170,1005,0.183,9.12,199,46.08,0.198,13,Instagram,Text,18-24,Other,Europe,20099,9170.0,2.19,2024-12-29,5491
C7151,9790,1964,0.2852,4.98,1432,6.84,0.7291,16,Instagram,Image,18-24,Female,North America,111696,9790.0,11.41,2024-09-27,6886
C2982,5280,1143,1.1239,4.62,750,7.04,0.6562,26,YouTube,Image,45-54,Male,Asia,30750,5332.8,5.77,2024-11-01,1016
C4697,4510,302,0.0468,14.93,15,300.67,0.0497,11,Instagram,Image,45-54,Female,South America,1845,4374.7,0.42,2024-07-03,6452
C8156,5160,279,0.0287,18.49,77,67.01,0.276,13,LinkedIn,Text,35-44,Female,Asia,8624,5418.0,1.59,2024-03-27,9721
C1670,4540,868,0.2362,5.23,173,26.24,0.1993,9,Facebook,Text,35-44,Female,Africa,21625,4630.8,4.67,2024-10-20,3674
C5090,6640,1838,1.1059,3.61,1607,4.13,0.8743,13,LinkedIn,Text,25-34,Male,Europe,136595,6706.4,20.37,2024-04-26,1661
C2853,3600,914,0.5807,3.94,840,4.29,0.919,26,LinkedIn,Text,25-34,Female,Europe,47880,3708.0,12.91,2024-12-21,1573
C1814,7350,274,0.0899,26.82,182,40.38,0.6642,14,Google,Carousel,45-54,Male,North America,20202,7276.5,2.78,2024-03-15,3047
C4964,6610,65,0.0156,101.69,44,150.23,0.6769,24,Google,Video,18-24,Male,South America,3608,6279.5,0.57,2024-06-11,4166
C2710,2290,1620,0.5633,1.41,398,5.75,0.2457,7,Google,Carousel,55+,Female,Africa,11940,2358.7,5.06,2024-04-29,2875
C9612,9110,384,0.0672,23.72,219,41.6,0.5703,22,YouTube,Video,55+,Female,Asia,41610,8927.8,4.66,2024-05-30,5714
C8303,2160,286,0.0312,7.55,92,23.48,0.3217,20,Instagram,Carousel,55+,Male,Europe,13708,2203.2,6.22,2024-07-24,9166
C6328,9760,349,0.0832,27.97,49,199.18,0.1404,30,YouTube,Carousel,55+,Male,Asia,1519,9467.2,0.16,2024-08-17,4194
C6573,5530,1978,0.2334,2.8,406,13.62,0.2053,28,Facebook,Image,45-54,Female,North America,78764,5585.3,14.1,2024-02-14,8474
C6368,4750,348,0.1153,13.65,159,29.87,0.4569,20,YouTube,Image,45-54,Male,Africa,26871,4702.5,5.71,2024-02-26,3018
C1247,2130,994,0.4846,2.14,530,4.02,0.5332,19,Facebook,Text,55+,Other,North America,65720,2172.6,30.25,2024-04-23,2051
C3761,3870,595,0.2932,6.5,96,40.31,0.1613,21,Google,Carousel,45-54,Male,South America,4512,3831.3,1.18,2024-06-26,2029
C1521,4230,1373,0.164,3.08,1233,3.43,0.898,8,YouTube,Video,55+,Other,Europe,38223,4103.1,9.32,2024-02-17,8371
C1850,7960,1272,0.1715,6.26,1226,6.49,0.9638,11,Facebook,Carousel,55+,Other,South America,197386,8119.2,24.31,2025-01-04,7416
C5759,4090,620,0.1059,6.6,383,10.68,0.6177,14,Google,Image,55+,Female,South America,39832,4253.6,9.36,2024-03-07,5854
C2505,3580,1711,0.1768,2.09,1351,2.65,0.7896,8,LinkedIn,Text,45-54,Male,South America,171577,3508.4,48.9,2025-01-05,9677
C9439,5720,1888,0.2612,3.03,143,40.0,0.0757,10,Facebook,Image,18-24,Female,Africa,27885,5834.4,4.78,2024-04-10,7228
C4071,7400,657,0.0986,11.26,136,54.41,0.207,27,Facebook,Carousel,18-24,Other,Europe,24072,7696.0,3.13,2024-08-15,6663
C2402,3670,1534,0.1974,2.39,1258,2.92,0.8201,26,LinkedIn,Video,18-24,Other,Asia,206312,3523.2,58.56,2024-11-08,7771
C3257,4820,231,0.0238,20.87,83,58.07,0.3593,20,Google,Video,55+,Other,North America,5146,5061.0,1.02,2025-01-16,9705
C4315,9330,395,0.0517,23.62,239,39.04,0.6051,26,Instagram,Image,55+,Other,Europe,35372,8956.8,3.95,2025-01-26,7640
C1412,3070,493,0.1965,6.23,415,7.4,0.8418,10,Instagram,Carousel,25-34,Other,Asia,41915,3192.8,13.13,2024-02-22,2508
